family_key,relative_path,version,key_count,charts,view,total_trials,baseline_competing_trials,primary_baseline_alternatives_sum,primary_contextual_alternatives_sum,primary_baseline_alternatives_mean,primary_contextual_alternatives_mean,no_comparable_exact_context,comparable_target_unsupported,target_supported_still_competing,target_resolved_unique,unique_wrong_completion,primary_no_comparable_exact_context,primary_comparable_target_unsupported,primary_target_supported_still_competing,primary_target_resolved_unique,primary_unique_wrong_completion,exact_target_supported,lane_supported_but_type_different,contextual_witness_references,target_group_leakage,future_held_leakage,held_tail_encoded_as_head,donor_nesting_violations,beat_ms_materialization_differences,context_build_ms,exact_match_ms,detailed_artifact_bytes,micro_coverage_rate,micro_target_supported_rate,primary_resolution_rate,macro_family_coverage_rate,macro_family_primary_resolution_rate
"-45 | MIDORIGO QUEEN BEE | ITZBENJA616","ManiaAddNotesLab-932f92eec34b42a0bbe1ef0b2ede4d5c/-45 - Midorigo Queen Bee (ItzBenja616) [Sooth].osu","Sooth",7,1,ReducedOnly,4218,4162,21589,21589,5.187169629986,5.187169629986,15,16,4162,14,11,0,0,4162,0,0,4176,215,442052,0,0,0,0,0,443.7171,400.0038,49429726,0.996443812233,0.990042674253,0,N/A,N/A
"-45 | MIDORIGO QUEEN BEE | ITZBENJA616","ManiaAddNotesLab-932f92eec34b42a0bbe1ef0b2ede4d5c/-45 - Midorigo Queen Bee (ItzBenja616) [Sooth].osu","Sooth",7,1,ReducedHeld,4218,4162,21589,21292,5.187169629986,5.115809706872,25,17,4150,16,10,7,1,4150,4,0,4166,179,440028,0,0,0,0,0,443.7171,400.0038,49429726,0.994073020389,0.987671882409,0.000961076406,N/A,N/A
"-45 | MIDORIGO QUEEN BEE | ITZBENJA616","ManiaAddNotesLab-932f92eec34b42a0bbe1ef0b2ede4d5c/-45 - Midorigo Queen Bee (ItzBenja616) [Sooth].osu","Sooth",7,1,ReducedPrevious,4218,4162,21589,7565,5.187169629986,1.817635752042,375,219,2499,817,308,328,218,2499,815,302,3316,8,24798,0,0,0,0,0,443.7171,400.0038,49429726,0.911095305832,0.786154575628,0.195819317636,N/A,N/A
"-45 | MIDORIGO QUEEN BEE | ITZBENJA616","ManiaAddNotesLab-932f92eec34b42a0bbe1ef0b2ede4d5c/-45 - Midorigo Queen Bee (ItzBenja616) [Sooth].osu","Sooth",7,1,ReducedPreviousTransition,4218,4162,21589,6834,5.187169629986,1.641999038924,589,192,2255,831,351,540,191,2255,829,347,3086,0,21882,0,0,0,0,0,443.7171,400.0038,49429726,0.86036036036,0.731626363205,0.199183085055,N/A,N/A
"-45 | MIDORIGO QUEEN BEE | ITZBENJA616","ManiaAddNotesLab-932f92eec34b42a0bbe1ef0b2ede4d5c/-45 - Midorigo Queen Bee (ItzBenja616) [Sooth].osu","Sooth",7,1,ReducedNext,4218,4162,21589,7767,5.187169629986,1.866170110524,367,312,2477,706,356,330,310,2477,692,353,3183,7,26220,0,0,0,0,0,443.7171,400.0038,49429726,0.912991939308,0.754623044097,0.166266218164,N/A,N/A
"-45 | MIDORIGO QUEEN BEE | ITZBENJA616","ManiaAddNotesLab-932f92eec34b42a0bbe1ef0b2ede4d5c/-45 - Midorigo Queen Bee (ItzBenja616) [Sooth].osu","Sooth",7,1,ReducedNextTransition,4218,4162,21589,6809,5.187169629986,1.635992311389,617,223,2235,751,392,579,223,2235,737,388,2986,0,22956,0,0,0,0,0,443.7171,400.0038,49429726,0.853722143196,0.707918444761,0.177078327727,N/A,N/A
"-45 | MIDORIGO QUEEN BEE | ITZBENJA616","ManiaAddNotesLab-932f92eec34b42a0bbe1ef0b2ede4d5c/-45 - Midorigo Queen Bee (ItzBenja616) [Sooth].osu","Sooth",7,1,ReducedPrevNext,4218,4162,21589,1664,5.187169629986,0.399807784719,2686,3,131,1220,178,2632,3,131,1218,178,1351,0,2706,0,0,0,0,0,443.7171,400.0038,49429726,0.363205310574,0.320293978189,0.292647765497,N/A,N/A
"-45 | MIDORIGO QUEEN BEE | ITZBENJA616","ManiaAddNotesLab-932f92eec34b42a0bbe1ef0b2ede4d5c/-45 - Midorigo Queen Bee (ItzBenja616) [Sooth].osu","Sooth",7,1,ReducedHeldPrevNext,4218,4162,21589,1664,5.187169629986,0.399807784719,2686,3,131,1220,178,2632,3,131,1218,178,1351,0,2706,0,0,0,0,0,443.7171,400.0038,49429726,0.363205310574,0.320293978189,0.292647765497,N/A,N/A
"A-ONE | SIDE BY SIDE | KURISU MAKISE","ManiaAddNotesLab-f5a5b697431649b9bf70ce8289507356/A-One - Side by Side (Kurisu Makise) [Lunatic].osu","Lunatic",10,1,ReducedOnly,2583,2330,17167,17167,7.367811158798,7.367811158798,44,54,2330,117,38,0,0,2330,0,0,2447,0,169770,0,0,0,0,0,110.0328,157.0859,29633840,0.982965543941,0.947348044909,0,N/A,N/A
"A-ONE | SIDE BY SIDE | KURISU MAKISE","ManiaAddNotesLab-f5a5b697431649b9bf70ce8289507356/A-One - Side by Side (Kurisu Makise) [Lunatic].osu","Lunatic",10,1,ReducedHeld,2583,2330,17167,17167,7.367811158798,7.367811158798,44,54,2330,117,38,0,0,2330,0,0,2447,0,169770,0,0,0,0,0,110.0328,157.0859,29633840,0.982965543941,0.947348044909,0,N/A,N/A
"A-ONE | SIDE BY SIDE | KURISU MAKISE","ManiaAddNotesLab-f5a5b697431649b9bf70ce8289507356/A-One - Side by Side (Kurisu Makise) [Lunatic].osu","Lunatic",10,1,ReducedPrevious,2583,2330,17167,4573,7.367811158798,1.962660944206,498,126,998,855,106,351,123,998,762,96,1853,0,11006,0,0,0,0,0,110.0328,157.0859,29633840,0.807200929152,0.717382888115,0.327038626609,N/A,N/A
"A-ONE | SIDE BY SIDE | KURISU MAKISE","ManiaAddNotesLab-f5a5b697431649b9bf70ce8289507356/A-One - Side by Side (Kurisu Makise) [Lunatic].osu","Lunatic",10,1,ReducedPreviousTransition,2583,2330,17167,2644,7.367811158798,1.134763948498,821,58,569,977,158,652,55,569,901,153,1546,0,5294,0,0,0,0,0,110.0328,157.0859,29633840,0.682152535811,0.598528842431,0.38669527897,N/A,N/A
"A-ONE | SIDE BY SIDE | KURISU MAKISE","ManiaAddNotesLab-f5a5b697431649b9bf70ce8289507356/A-One - Side by Side (Kurisu Makise) [Lunatic].osu","Lunatic",10,1,ReducedNext,2583,2330,17167,4733,7.367811158798,2.031330472103,478,102,1016,846,141,344,99,1016,745,126,1862,0,11170,0,0,0,0,0,110.0328,157.0859,29633840,0.814943863724,0.720867208672,0.31974248927,N/A,N/A
"A-ONE | SIDE BY SIDE | KURISU MAKISE","ManiaAddNotesLab-f5a5b697431649b9bf70ce8289507356/A-One - Side by Side (Kurisu Makise) [Lunatic].osu","Lunatic",10,1,ReducedNextTransition,2583,2330,17167,2828,7.367811158798,1.213733905579,829,77,578,918,181,664,76,578,845,167,1496,0,5436,0,0,0,0,0,110.0328,157.0859,29633840,0.679055361982,0.579171506001,0.362660944206,N/A,N/A
"A-ONE | SIDE BY SIDE | KURISU MAKISE","ManiaAddNotesLab-f5a5b697431649b9bf70ce8289507356/A-One - Side by Side (Kurisu Makise) [Lunatic].osu","Lunatic",10,1,ReducedPrevNext,2583,2330,17167,1195,7.367811158798,0.512875536481,1439,7,90,974,73,1236,7,90,924,73,1064,0,1714,0,0,0,0,0,110.0328,157.0859,29633840,0.44289585753,0.411924119241,0.396566523605,N/A,N/A
"A-ONE | SIDE BY SIDE | KURISU MAKISE","ManiaAddNotesLab-f5a5b697431649b9bf70ce8289507356/A-One - Side by Side (Kurisu Makise) [Lunatic].osu","Lunatic",10,1,ReducedHeldPrevNext,2583,2330,17167,1195,7.367811158798,0.512875536481,1439,7,90,974,73,1236,7,90,924,73,1064,0,1714,0,0,0,0,0,110.0328,157.0859,29633840,0.44289585753,0.411924119241,0.396566523605,N/A,N/A
"AKATSUKI RECORDS | MIZUIRO RAINDROP | [GB]V1DO","ManiaAddNotesLab-824fc52bd41e4a9186d385ad3f715838/Akatsuki Records - Mizuiro Raindrop ([GB]V1do) [Lunat1c (Cut ver.)].osu","Lunat1c (Cut ver.)",4,1,ReducedOnly,921,885,2424,2424,2.738983050847,2.738983050847,0,0,885,36,0,0,0,885,0,0,921,0,117516,0,0,0,0,0,32.1424,71.5317,10481731,1,1,0,N/A,N/A
"AKATSUKI RECORDS | MIZUIRO RAINDROP | [GB]V1DO","ManiaAddNotesLab-824fc52bd41e4a9186d385ad3f715838/Akatsuki Records - Mizuiro Raindrop ([GB]V1do) [Lunat1c (Cut ver.)].osu","Lunat1c (Cut ver.)",4,1,ReducedHeld,921,885,2424,2424,2.738983050847,2.738983050847,0,0,885,36,0,0,0,885,0,0,921,0,117516,0,0,0,0,0,32.1424,71.5317,10481731,1,1,0,N/A,N/A
"AKATSUKI RECORDS | MIZUIRO RAINDROP | [GB]V1DO","ManiaAddNotesLab-824fc52bd41e4a9186d385ad3f715838/Akatsuki Records - Mizuiro Raindrop ([GB]V1do) [Lunat1c (Cut ver.)].osu","Lunat1c (Cut ver.)",4,1,ReducedPrevious,921,885,2424,1657,2.738983050847,1.872316384181,41,2,730,126,22,29,2,730,102,22,856,0,21790,0,0,0,0,0,32.1424,71.5317,10481731,0.955483170467,0.929424538545,0.115254237288,N/A,N/A
"AKATSUKI RECORDS | MIZUIRO RAINDROP | [GB]V1DO","ManiaAddNotesLab-824fc52bd41e4a9186d385ad3f715838/Akatsuki Records - Mizuiro Raindrop ([GB]V1do) [Lunat1c (Cut ver.)].osu","Lunat1c (Cut ver.)",4,1,ReducedPreviousTransition,921,885,2424,1068,2.738983050847,1.206779661017,204,2,355,258,102,184,2,355,242,102,613,0,2582,0,0,0,0,0,32.1424,71.5317,10481731,0.778501628664,0.665580890337,0.273446327684,N/A,N/A
"AKATSUKI RECORDS | MIZUIRO RAINDROP | [GB]V1DO","ManiaAddNotesLab-824fc52bd41e4a9186d385ad3f715838/Akatsuki Records - Mizuiro Raindrop ([GB]V1do) [Lunat1c (Cut ver.)].osu","Lunat1c (Cut ver.)",4,1,ReducedNext,921,885,2424,2004,2.738983050847,2.264406779661,30,8,730,126,27,18,8,730,102,27,856,0,21010,0,0,0,0,0,32.1424,71.5317,10481731,0.967426710098,0.929424538545,0.115254237288,N/A,N/A
"AKATSUKI RECORDS | MIZUIRO RAINDROP | [GB]V1DO","ManiaAddNotesLab-824fc52bd41e4a9186d385ad3f715838/Akatsuki Records - Mizuiro Raindrop ([GB]V1do) [Lunat1c (Cut ver.)].osu","Lunat1c (Cut ver.)",4,1,ReducedNextTransition,921,885,2424,1048,2.738983050847,1.18418079096,217,13,316,276,99,197,13,316,260,99,592,0,2646,0,0,0,0,0,32.1424,71.5317,10481731,0.764386536374,0.642779587405,0.293785310734,N/A,N/A
"AKATSUKI RECORDS | MIZUIRO RAINDROP | [GB]V1DO","ManiaAddNotesLab-824fc52bd41e4a9186d385ad3f715838/Akatsuki Records - Mizuiro Raindrop ([GB]V1do) [Lunat1c (Cut ver.)].osu","Lunat1c (Cut ver.)",4,1,ReducedPrevNext,921,885,2424,271,2.738983050847,0.306214689266,646,0,4,235,36,618,0,4,227,36,239,0,342,0,0,0,0,0,32.1424,71.5317,10481731,0.298588490771,0.259500542888,0.256497175141,N/A,N/A
"AKATSUKI RECORDS | MIZUIRO RAINDROP | [GB]V1DO","ManiaAddNotesLab-824fc52bd41e4a9186d385ad3f715838/Akatsuki Records - Mizuiro Raindrop ([GB]V1do) [Lunat1c (Cut ver.)].osu","Lunat1c (Cut ver.)",4,1,ReducedHeldPrevNext,921,885,2424,271,2.738983050847,0.306214689266,646,0,4,235,36,618,0,4,227,36,239,0,342,0,0,0,0,0,32.1424,71.5317,10481731,0.298588490771,0.259500542888,0.256497175141,N/A,N/A
"BUTAOTOME | HAKANAKI MONO NINGEN | YUEAST 2018","ManiaAddNotesLab-08255ad9b6104a4bac32bcbc4a445ed5/BUTAOTOME - Hakanaki Mono Ningen (YuEast 2018) [fake].osu","fake",4,1,ReducedOnly,1505,1413,7455,7455,5.276008492569,5.276008492569,2,9,1413,76,5,0,0,1413,0,0,1489,1328,213956,0,0,0,0,0,67.1433,99.0199,17771938,0.998671096346,0.989368770764,0,N/A,N/A
"BUTAOTOME | HAKANAKI MONO NINGEN | YUEAST 2018","ManiaAddNotesLab-08255ad9b6104a4bac32bcbc4a445ed5/BUTAOTOME - Hakanaki Mono Ningen (YuEast 2018) [fake].osu","fake",4,1,ReducedHeld,1505,1413,7455,3069,5.276008492569,2.171974522293,8,24,1115,345,13,1,18,1115,270,9,1460,830,46442,0,0,0,0,0,67.1433,99.0199,17771938,0.994684385382,0.970099667774,0.191082802548,N/A,N/A
"BUTAOTOME | HAKANAKI MONO NINGEN | YUEAST 2018","ManiaAddNotesLab-08255ad9b6104a4bac32bcbc4a445ed5/BUTAOTOME - Hakanaki Mono Ningen (YuEast 2018) [fake].osu","fake",4,1,ReducedPrevious,1505,1413,7455,2769,5.276008492569,1.95966029724,124,34,857,415,75,101,33,857,353,69,1272,252,23940,0,0,0,0,0,67.1433,99.0199,17771938,0.917607973422,0.845182724252,0.249823071479,N/A,N/A
"BUTAOTOME | HAKANAKI MONO NINGEN | YUEAST 2018","ManiaAddNotesLab-08255ad9b6104a4bac32bcbc4a445ed5/BUTAOTOME - Hakanaki Mono Ningen (YuEast 2018) [fake].osu","fake",4,1,ReducedPreviousTransition,1505,1413,7455,1967,5.276008492569,1.392073602265,271,27,553,570,84,241,27,553,513,79,1123,105,12662,0,0,0,0,0,67.1433,99.0199,17771938,0.819933554817,0.746179401993,0.363057324841,N/A,N/A
"BUTAOTOME | HAKANAKI MONO NINGEN | YUEAST 2018","ManiaAddNotesLab-08255ad9b6104a4bac32bcbc4a445ed5/BUTAOTOME - Hakanaki Mono Ningen (YuEast 2018) [fake].osu","fake",4,1,ReducedNext,1505,1413,7455,3117,5.276008492569,2.205944798301,112,31,881,427,54,93,29,881,360,50,1308,261,28582,0,0,0,0,0,67.1433,99.0199,17771938,0.925581395349,0.869102990033,0.254777070064,N/A,N/A
"BUTAOTOME | HAKANAKI MONO NINGEN | YUEAST 2018","ManiaAddNotesLab-08255ad9b6104a4bac32bcbc4a445ed5/BUTAOTOME - Hakanaki Mono Ningen (YuEast 2018) [fake].osu","fake",4,1,ReducedNextTransition,1505,1413,7455,2322,5.276008492569,1.643312101911,247,32,607,561,58,206,30,607,514,56,1168,123,14524,0,0,0,0,0,67.1433,99.0199,17771938,0.835880398671,0.776079734219,0.363765038924,N/A,N/A
"BUTAOTOME | HAKANAKI MONO NINGEN | YUEAST 2018","ManiaAddNotesLab-08255ad9b6104a4bac32bcbc4a445ed5/BUTAOTOME - Hakanaki Mono Ningen (YuEast 2018) [fake].osu","fake",4,1,ReducedPrevNext,1505,1413,7455,861,5.276008492569,0.609341825902,628,3,21,822,31,576,3,21,783,30,843,7,3462,0,0,0,0,0,67.1433,99.0199,17771938,0.582724252492,0.560132890365,0.554140127389,N/A,N/A
"BUTAOTOME | HAKANAKI MONO NINGEN | YUEAST 2018","ManiaAddNotesLab-08255ad9b6104a4bac32bcbc4a445ed5/BUTAOTOME - Hakanaki Mono Ningen (YuEast 2018) [fake].osu","fake",4,1,ReducedHeldPrevNext,1505,1413,7455,786,5.276008492569,0.556263269639,681,0,2,811,11,629,0,2,772,10,813,7,3102,0,0,0,0,0,67.1433,99.0199,17771938,0.547508305648,0.540199335548,0.54635527247,N/A,N/A
"KIKUO | KARA KARA KARA NO KARA | XNETT","ManiaAddNotesLab-3dda05e77fb04c549bcf02b2d695642f/Kikuo - Kara Kara Kara no Kara (xNett) [Karanival!].osu","Karanival!",7,1,ReducedOnly,7918,6868,61380,61380,8.937099592312,8.937099592312,172,608,6868,122,148,0,0,6868,0,0,6990,5738,785264,0,0,0,0,0,654.7617,428.5317,97576155,0.978277342763,0.882798686537,0,N/A,N/A
"KIKUO | KARA KARA KARA NO KARA | XNETT","ManiaAddNotesLab-3dda05e77fb04c549bcf02b2d695642f/Kikuo - Kara Kara Kara no Kara (xNett) [Karanival!].osu","Karanival!",7,1,ReducedHeld,7918,6868,61380,20769,8.937099592312,3.02402446127,1685,600,3715,1115,803,995,496,3715,1023,639,4830,1545,148614,0,0,0,0,0,654.7617,428.5317,97576155,0.787193735792,0.61000252589,0.148951659872,N/A,N/A
"KIKUO | KARA KARA KARA NO KARA | XNETT","ManiaAddNotesLab-3dda05e77fb04c549bcf02b2d695642f/Kikuo - Kara Kara Kara no Kara (xNett) [Karanival!].osu","Karanival!",7,1,ReducedPrevious,7918,6868,61380,10121,8.937099592312,1.473645894001,3430,683,1704,1158,943,2520,651,1704,1142,851,2862,516,19262,0,0,0,0,0,654.7617,428.5317,97576155,0.566809800455,0.361454912857,0.166278392545,N/A,N/A
"KIKUO | KARA KARA KARA NO KARA | XNETT","ManiaAddNotesLab-3dda05e77fb04c549bcf02b2d695642f/Kikuo - Kara Kara Kara no Kara (xNett) [Karanival!].osu","Karanival!",7,1,ReducedPreviousTransition,7918,6868,61380,1789,8.937099592312,0.260483401281,6446,54,203,830,385,5408,54,203,826,377,1033,8,2692,0,0,0,0,0,654.7617,428.5317,97576155,0.1859055317,0.130462237939,0.120267909144,N/A,N/A
"KIKUO | KARA KARA KARA NO KARA | XNETT","ManiaAddNotesLab-3dda05e77fb04c549bcf02b2d695642f/Kikuo - Kara Kara Kara no Kara (xNett) [Karanival!].osu","Karanival!",7,1,ReducedNext,7918,6868,61380,10658,8.937099592312,1.551834595224,3326,681,1889,1161,861,2469,645,1889,1108,757,3050,582,22876,0,0,0,0,0,654.7617,428.5317,97576155,0.579944430412,0.385198282395,0.161327897496,N/A,N/A
"KIKUO | KARA KARA KARA NO KARA | XNETT","ManiaAddNotesLab-3dda05e77fb04c549bcf02b2d695642f/Kikuo - Kara Kara Kara no Kara (xNett) [Karanival!].osu","Karanival!",7,1,ReducedNextTransition,7918,6868,61380,2322,8.937099592312,0.338089691322,6219,138,320,873,368,5186,136,320,871,355,1193,53,3660,0,0,0,0,0,654.7617,428.5317,97576155,0.214574387472,0.15066936095,0.126820034945,N/A,N/A
"KIKUO | KARA KARA KARA NO KARA | XNETT","ManiaAddNotesLab-3dda05e77fb04c549bcf02b2d695642f/Kikuo - Kara Kara Kara no Kara (xNett) [Karanival!].osu","Karanival!",7,1,ReducedPrevNext,7918,6868,61380,541,8.937099592312,0.078771112405,7410,3,31,405,69,6361,3,31,405,68,436,0,748,0,0,0,0,0,654.7617,428.5317,97576155,0.064157615559,0.055064410205,0.058969132207,N/A,N/A
"KIKUO | KARA KARA KARA NO KARA | XNETT","ManiaAddNotesLab-3dda05e77fb04c549bcf02b2d695642f/Kikuo - Kara Kara Kara no Kara (xNett) [Karanival!].osu","Karanival!",7,1,ReducedHeldPrevNext,7918,6868,61380,362,8.937099592312,0.052708211998,7561,0,6,328,23,6512,0,6,328,22,334,0,456,0,0,0,0,0,654.7617,428.5317,97576155,0.045087143218,0.042182369285,0.047757716948,N/A,N/A
"MORO | HOLY BITCH | ITZBENJA616","ManiaAddNotesLab-c9792f6e6e054cca9f0a2e5a2d504b45/moro - Holy Bitch (ItzBenja616) [Selfishness].osu","Selfishness",7,1,ReducedOnly,7020,7002,31636,31636,4.51813767495,4.51813767495,0,0,7002,0,18,0,0,7002,0,0,7002,0,690934,0,0,0,0,0,264.3015,452.6742,81975865,1,0.997435897436,0,N/A,N/A
"MORO | HOLY BITCH | ITZBENJA616","ManiaAddNotesLab-c9792f6e6e054cca9f0a2e5a2d504b45/moro - Holy Bitch (ItzBenja616) [Selfishness].osu","Selfishness",7,1,ReducedHeld,7020,7002,31636,31636,4.51813767495,4.51813767495,0,0,7002,0,18,0,0,7002,0,0,7002,0,690934,0,0,0,0,0,264.3015,452.6742,81975865,1,0.997435897436,0,N/A,N/A
"MORO | HOLY BITCH | ITZBENJA616","ManiaAddNotesLab-c9792f6e6e054cca9f0a2e5a2d504b45/moro - Holy Bitch (ItzBenja616) [Selfishness].osu","Selfishness",7,1,ReducedPrevious,7020,7002,31636,14505,4.51813767495,2.071550985433,956,322,4435,730,577,938,322,4435,730,577,5165,0,48556,0,0,0,0,0,264.3015,452.6742,81975865,0.863817663818,0.735754985755,0.104255926878,N/A,N/A
"MORO | HOLY BITCH | ITZBENJA616","ManiaAddNotesLab-c9792f6e6e054cca9f0a2e5a2d504b45/moro - Holy Bitch (ItzBenja616) [Selfishness].osu","Selfishness",7,1,ReducedPreviousTransition,7020,7002,31636,10088,4.51813767495,1.440731219652,2158,307,2932,866,757,2140,307,2932,866,757,3798,0,28846,0,0,0,0,0,264.3015,452.6742,81975865,0.692592592593,0.541025641026,0.123678948872,N/A,N/A
"MORO | HOLY BITCH | ITZBENJA616","ManiaAddNotesLab-c9792f6e6e054cca9f0a2e5a2d504b45/moro - Holy Bitch (ItzBenja616) [Selfishness].osu","Selfishness",7,1,ReducedNext,7020,7002,31636,14422,4.51813767495,2.059697229363,1072,422,4258,760,508,1056,422,4258,760,506,5018,0,51786,0,0,0,0,0,264.3015,452.6742,81975865,0.847293447293,0.714814814815,0.108540417024,N/A,N/A
"MORO | HOLY BITCH | ITZBENJA616","ManiaAddNotesLab-c9792f6e6e054cca9f0a2e5a2d504b45/moro - Holy Bitch (ItzBenja616) [Selfishness].osu","Selfishness",7,1,ReducedNextTransition,7020,7002,31636,10028,4.51813767495,1.43216223936,2226,306,2996,734,758,2210,306,2996,734,756,3730,0,30416,0,0,0,0,0,264.3015,452.6742,81975865,0.682905982906,0.531339031339,0.104827192231,N/A,N/A
"MORO | HOLY BITCH | ITZBENJA616","ManiaAddNotesLab-c9792f6e6e054cca9f0a2e5a2d504b45/moro - Holy Bitch (ItzBenja616) [Selfishness].osu","Selfishness",7,1,ReducedPrevNext,7020,7002,31636,2238,4.51813767495,0.319622964867,5200,14,395,1022,389,5182,14,395,1022,389,1417,0,3526,0,0,0,0,0,264.3015,452.6742,81975865,0.259259259259,0.201851851852,0.145958297629,N/A,N/A
"MORO | HOLY BITCH | ITZBENJA616","ManiaAddNotesLab-c9792f6e6e054cca9f0a2e5a2d504b45/moro - Holy Bitch (ItzBenja616) [Selfishness].osu","Selfishness",7,1,ReducedHeldPrevNext,7020,7002,31636,2238,4.51813767495,0.319622964867,5200,14,395,1022,389,5182,14,395,1022,389,1417,0,3526,0,0,0,0,0,264.3015,452.6742,81975865,0.259259259259,0.201851851852,0.145958297629,N/A,N/A
"NJK RECORD FEAT. 3L | SPRING OF DREAMS | ITZBENJA616","ManiaAddNotesLab-cb69a956fc164cf9a7c21fe1b49dbb13/NJK Record feat. 3L - Spring of Dreams (ItzBenja616) [KNH - Lvl 81 (No SV)] CUSTOM.osu","KNH** - Lvl 81 (No SV) CUSTOM",7,1,ReducedOnly,3607,2821,24115,24115,8.548387096774,8.548387096774,218,320,2821,65,183,0,0,2821,0,0,2886,1849,293924,0,0,0,0,0,202.1932,163.9221,44892454,0.93956196285,0.800110895481,0,N/A,N/A
"NJK RECORD FEAT. 3L | SPRING OF DREAMS | ITZBENJA616","ManiaAddNotesLab-cb69a956fc164cf9a7c21fe1b49dbb13/NJK Record feat. 3L - Spring of Dreams (ItzBenja616) [KNH - Lvl 81 (No SV)] CUSTOM.osu","KNH** - Lvl 81 (No SV) CUSTOM",7,1,ReducedHeld,3607,2821,24115,5295,8.548387096774,1.876993973768,1272,328,733,800,474,619,307,733,774,388,1533,340,13272,0,0,0,0,0,202.1932,163.9221,44892454,0.647352370391,0.425006930968,0.2743707905,N/A,N/A
"NJK RECORD FEAT. 3L | SPRING OF DREAMS | ITZBENJA616","ManiaAddNotesLab-cb69a956fc164cf9a7c21fe1b49dbb13/NJK Record feat. 3L - Spring of Dreams (ItzBenja616) [KNH - Lvl 81 (No SV)] CUSTOM.osu","KNH** - Lvl 81 (No SV) CUSTOM",7,1,ReducedPrevious,3607,2821,24115,3965,8.548387096774,1.405529953917,1950,368,739,173,377,1218,361,739,161,342,912,74,6312,0,0,0,0,0,202.1932,163.9221,44892454,0.45938453008,0.252841696701,0.057071960298,N/A,N/A
"NJK RECORD FEAT. 3L | SPRING OF DREAMS | ITZBENJA616","ManiaAddNotesLab-cb69a956fc164cf9a7c21fe1b49dbb13/NJK Record feat. 3L - Spring of Dreams (ItzBenja616) [KNH - Lvl 81 (No SV)] CUSTOM.osu","KNH** - Lvl 81 (No SV) CUSTOM",7,1,ReducedPreviousTransition,3607,2821,24115,2860,8.548387096774,1.013824884793,2242,271,592,187,315,1492,267,592,175,295,779,27,4372,0,0,0,0,0,202.1932,163.9221,44892454,0.378430828944,0.215968949265,0.062034739454,N/A,N/A
"NJK RECORD FEAT. 3L | SPRING OF DREAMS | ITZBENJA616","ManiaAddNotesLab-cb69a956fc164cf9a7c21fe1b49dbb13/NJK Record feat. 3L - Spring of Dreams (ItzBenja616) [KNH - Lvl 81 (No SV)] CUSTOM.osu","KNH** - Lvl 81 (No SV) CUSTOM",7,1,ReducedNext,3607,2821,24115,4175,8.548387096774,1.479971641262,1875,384,745,173,430,1153,371,745,163,389,918,93,6486,0,0,0,0,0,202.1932,163.9221,44892454,0.48017743277,0.254505128916,0.057780928749,N/A,N/A
"NJK RECORD FEAT. 3L | SPRING OF DREAMS | ITZBENJA616","ManiaAddNotesLab-cb69a956fc164cf9a7c21fe1b49dbb13/NJK Record feat. 3L - Spring of Dreams (ItzBenja616) [KNH - Lvl 81 (No SV)] CUSTOM.osu","KNH** - Lvl 81 (No SV) CUSTOM",7,1,ReducedNextTransition,3607,2821,24115,3011,8.548387096774,1.067352002836,2175,281,566,190,395,1433,273,566,180,369,756,41,4382,0,0,0,0,0,202.1932,163.9221,44892454,0.397005822013,0.209592459107,0.063807160581,N/A,N/A
"NJK RECORD FEAT. 3L | SPRING OF DREAMS | ITZBENJA616","ManiaAddNotesLab-cb69a956fc164cf9a7c21fe1b49dbb13/NJK Record feat. 3L - Spring of Dreams (ItzBenja616) [KNH - Lvl 81 (No SV)] CUSTOM.osu","KNH** - Lvl 81 (No SV) CUSTOM",7,1,ReducedPrevNext,3607,2821,24115,325,8.548387096774,0.115207373272,3332,18,27,123,107,2553,18,27,119,104,150,0,364,0,0,0,0,0,202.1932,163.9221,44892454,0.076240643194,0.041585805378,0.042183622829,N/A,N/A
"NJK RECORD FEAT. 3L | SPRING OF DREAMS | ITZBENJA616","ManiaAddNotesLab-cb69a956fc164cf9a7c21fe1b49dbb13/NJK Record feat. 3L - Spring of Dreams (ItzBenja616) [KNH - Lvl 81 (No SV)] CUSTOM.osu","KNH** - Lvl 81 (No SV) CUSTOM",7,1,ReducedHeldPrevNext,3607,2821,24115,77,8.548387096774,0.02729528536,3525,0,0,74,8,2744,0,0,70,7,74,0,82,0,0,0,0,0,202.1932,163.9221,44892454,0.022733573607,0.020515663987,0.024813895782,N/A,N/A
"NMK&WATHUE | CELESTIAL AXES | WONKI","ManiaAddNotesLab-e0a90265f66f4602a029ae018f756893/nmk&wathue - Celestial Axes (Wonki) [Insane].osu","Insane",7,1,ReducedOnly,2660,2515,11718,11718,4.659244532803,4.659244532803,35,47,2515,47,16,0,0,2515,0,0,2562,117,133946,0,0,0,0,0,90.9779,163.4559,31547407,0.986842105263,0.963157894737,0,N/A,N/A
"NMK&WATHUE | CELESTIAL AXES | WONKI","ManiaAddNotesLab-e0a90265f66f4602a029ae018f756893/nmk&wathue - Celestial Axes (Wonki) [Insane].osu","Insane",7,1,ReducedHeld,2660,2515,11718,10792,4.659244532803,4.291053677932,69,55,2429,73,34,20,23,2429,26,17,2502,62,113786,0,0,0,0,0,90.9779,163.4559,31547407,0.974060150376,0.940601503759,0.010337972167,N/A,N/A
"NMK&WATHUE | CELESTIAL AXES | WONKI","ManiaAddNotesLab-e0a90265f66f4602a029ae018f756893/nmk&wathue - Celestial Axes (Wonki) [Insane].osu","Insane",7,1,ReducedPrevious,2660,2515,11718,3299,4.659244532803,1.311729622266,809,132,767,672,280,701,119,767,657,271,1439,16,7634,0,0,0,0,0,90.9779,163.4559,31547407,0.695864661654,0.540977443609,0.261232604374,N/A,N/A
"NMK&WATHUE | CELESTIAL AXES | WONKI","ManiaAddNotesLab-e0a90265f66f4602a029ae018f756893/nmk&wathue - Celestial Axes (Wonki) [Insane].osu","Insane",7,1,ReducedPreviousTransition,2660,2515,11718,2005,4.659244532803,0.797216699801,1430,80,373,539,238,1306,73,373,530,233,912,9,3792,0,0,0,0,0,90.9779,163.4559,31547407,0.462406015038,0.342857142857,0.210735586481,N/A,N/A
"NMK&WATHUE | CELESTIAL AXES | WONKI","ManiaAddNotesLab-e0a90265f66f4602a029ae018f756893/nmk&wathue - Celestial Axes (Wonki) [Insane].osu","Insane",7,1,ReducedNext,2660,2515,11718,3384,4.659244532803,1.345526838966,813,117,837,647,246,694,110,837,636,238,1484,9,7676,0,0,0,0,0,90.9779,163.4559,31547407,0.694360902256,0.557894736842,0.252882703777,N/A,N/A
"NMK&WATHUE | CELESTIAL AXES | WONKI","ManiaAddNotesLab-e0a90265f66f4602a029ae018f756893/nmk&wathue - Celestial Axes (Wonki) [Insane].osu","Insane",7,1,ReducedNextTransition,2660,2515,11718,2120,4.659244532803,0.842942345924,1370,100,428,530,232,1241,94,428,523,229,958,4,3854,0,0,0,0,0,90.9779,163.4559,31547407,0.484962406015,0.36015037594,0.207952286282,N/A,N/A
"NMK&WATHUE | CELESTIAL AXES | WONKI","ManiaAddNotesLab-e0a90265f66f4602a029ae018f756893/nmk&wathue - Celestial Axes (Wonki) [Insane].osu","Insane",7,1,ReducedPrevNext,2660,2515,11718,441,4.659244532803,0.175347912525,2298,19,54,190,99,2156,18,54,190,97,244,0,568,0,0,0,0,0,90.9779,163.4559,31547407,0.136090225564,0.091729323308,0.075546719682,N/A,N/A
"NMK&WATHUE | CELESTIAL AXES | WONKI","ManiaAddNotesLab-e0a90265f66f4602a029ae018f756893/nmk&wathue - Celestial Axes (Wonki) [Insane].osu","Insane",7,1,ReducedHeldPrevNext,2660,2515,11718,362,4.659244532803,0.14393638171,2343,9,36,192,80,2198,9,36,192,80,228,0,452,0,0,0,0,0,90.9779,163.4559,31547407,0.119172932331,0.085714285714,0.07634194831,N/A,N/A
"NOWISEE | KO INU | RUKA","ManiaAddNotesLab-c81deb37e7374b3fbe1da9cbf9a63eec/nowisee - Ko Inu (ruka) [aphotic].osu","aphotic",7,1,ReducedOnly,4599,3466,30840,30840,8.897864974033,8.897864974033,203,573,3466,137,220,0,0,3466,0,0,3603,3158,213882,0,0,0,0,0,290.2053,194.0634,58097960,0.955859969559,0.783431180691,0,N/A,N/A
"NOWISEE | KO INU | RUKA","ManiaAddNotesLab-c81deb37e7374b3fbe1da9cbf9a63eec/nowisee - Ko Inu (ruka) [aphotic].osu","aphotic",7,1,ReducedHeld,4599,3466,30840,5061,8.897864974033,1.460184650894,1729,415,935,855,665,901,380,935,757,493,1790,803,8364,0,0,0,0,0,290.2053,194.0634,58097960,0.62404870624,0.389215046749,0.218407386036,N/A,N/A
"NOWISEE | KO INU | RUKA","ManiaAddNotesLab-c81deb37e7374b3fbe1da9cbf9a63eec/nowisee - Ko Inu (ruka) [aphotic].osu","aphotic",7,1,ReducedPrevious,4599,3466,30840,2689,8.897864974033,0.775822273514,2719,257,348,652,623,1804,226,348,588,500,1000,274,3746,0,0,0,0,0,290.2053,194.0634,58097960,0.408784518374,0.217438573603,0.169648009233,N/A,N/A
"NOWISEE | KO INU | RUKA","ManiaAddNotesLab-c81deb37e7374b3fbe1da9cbf9a63eec/nowisee - Ko Inu (ruka) [aphotic].osu","aphotic",7,1,ReducedPreviousTransition,4599,3466,30840,839,8.897864974033,0.242065781881,3848,52,56,319,324,2800,51,56,286,273,375,78,1014,0,0,0,0,0,290.2053,194.0634,58097960,0.163296368776,0.081539465101,0.082515868436,N/A,N/A
"NOWISEE | KO INU | RUKA","ManiaAddNotesLab-c81deb37e7374b3fbe1da9cbf9a63eec/nowisee - Ko Inu (ruka) [aphotic].osu","aphotic",7,1,ReducedNext,4599,3466,30840,2871,8.897864974033,0.82833237161,2702,249,403,682,563,1756,231,403,610,466,1085,325,3926,0,0,0,0,0,290.2053,194.0634,58097960,0.412480974125,0.235920852359,0.175995383728,N/A,N/A
"NOWISEE | KO INU | RUKA","ManiaAddNotesLab-c81deb37e7374b3fbe1da9cbf9a63eec/nowisee - Ko Inu (ruka) [aphotic].osu","aphotic",7,1,ReducedNextTransition,4599,3466,30840,968,8.897864974033,0.279284477784,3764,94,73,348,320,2706,91,73,315,281,421,98,1152,0,0,0,0,0,290.2053,194.0634,58097960,0.181561208958,0.091541639487,0.090882862089,N/A,N/A
"NOWISEE | KO INU | RUKA","ManiaAddNotesLab-c81deb37e7374b3fbe1da9cbf9a63eec/nowisee - Ko Inu (ruka) [aphotic].osu","aphotic",7,1,ReducedPrevNext,4599,3466,30840,146,8.897864974033,0.042123485286,4424,3,0,144,28,3323,3,0,118,22,144,6,178,0,0,0,0,0,290.2053,194.0634,58097960,0.038051750381,0.031311154599,0.034045008656,N/A,N/A
"NOWISEE | KO INU | RUKA","ManiaAddNotesLab-c81deb37e7374b3fbe1da9cbf9a63eec/nowisee - Ko Inu (ruka) [aphotic].osu","aphotic",7,1,ReducedHeldPrevNext,4599,3466,30840,122,8.897864974033,0.035199076746,4454,3,0,140,2,3347,3,0,114,2,140,4,148,0,0,0,0,0,290.2053,194.0634,58097960,0.031528593172,0.030441400304,0.032890940565,N/A,N/A
"ORGT | DESTINY | BAIO","ManiaAddNotesLab-64eca68cb6f6401a8fbd4034d5a921ea/orgT - DESTINY (Baio) [Insane].osu","Insane",7,1,ReducedOnly,1302,1096,8399,8399,7.663321167883,7.663321167883,35,101,1096,17,53,0,0,1096,0,0,1113,618,56602,0,0,0,0,0,42.1139,58.4596,15106224,0.97311827957,0.854838709677,0,N/A,N/A
"ORGT | DESTINY | BAIO","ManiaAddNotesLab-64eca68cb6f6401a8fbd4034d5a921ea/orgT - DESTINY (Baio) [Insane].osu","Insane",7,1,ReducedHeld,1302,1096,8399,4322,7.663321167883,3.943430656934,177,108,811,86,120,91,64,811,78,52,897,175,26576,0,0,0,0,0,42.1139,58.4596,15106224,0.864055299539,0.688940092166,0.071167883212,N/A,N/A
"ORGT | DESTINY | BAIO","ManiaAddNotesLab-64eca68cb6f6401a8fbd4034d5a921ea/orgT - DESTINY (Baio) [Insane].osu","Insane",7,1,ReducedPrevious,1302,1096,8399,1295,7.663321167883,1.181569343066,591,65,283,236,127,417,58,283,236,102,519,51,3060,0,0,0,0,0,42.1139,58.4596,15106224,0.546082949309,0.398617511521,0.215328467153,N/A,N/A
"ORGT | DESTINY | BAIO","ManiaAddNotesLab-64eca68cb6f6401a8fbd4034d5a921ea/orgT - DESTINY (Baio) [Insane].osu","Insane",7,1,ReducedPreviousTransition,1302,1096,8399,662,7.663321167883,0.60401459854,807,41,110,209,135,621,35,110,209,121,319,13,1066,0,0,0,0,0,42.1139,58.4596,15106224,0.380184331797,0.245007680492,0.190693430657,N/A,N/A
"ORGT | DESTINY | BAIO","ManiaAddNotesLab-64eca68cb6f6401a8fbd4034d5a921ea/orgT - DESTINY (Baio) [Insane].osu","Insane",7,1,ReducedNext,1302,1096,8399,1210,7.663321167883,1.10401459854,621,77,242,235,127,449,70,242,233,102,477,49,2530,0,0,0,0,0,42.1139,58.4596,15106224,0.523041474654,0.366359447005,0.212591240876,N/A,N/A
"ORGT | DESTINY | BAIO","ManiaAddNotesLab-64eca68cb6f6401a8fbd4034d5a921ea/orgT - DESTINY (Baio) [Insane].osu","Insane",7,1,ReducedNextTransition,1302,1096,8399,571,7.663321167883,0.52098540146,866,28,93,199,116,671,28,93,199,105,292,12,858,0,0,0,0,0,42.1139,58.4596,15106224,0.334869431644,0.224270353303,0.181569343066,N/A,N/A
"ORGT | DESTINY | BAIO","ManiaAddNotesLab-64eca68cb6f6401a8fbd4034d5a921ea/orgT - DESTINY (Baio) [Insane].osu","Insane",7,1,ReducedPrevNext,1302,1096,8399,129,7.663321167883,0.117700729927,1183,0,11,87,21,978,0,11,87,20,98,2,178,0,0,0,0,0,42.1139,58.4596,15106224,0.091397849462,0.075268817204,0.079379562044,N/A,N/A
"ORGT | DESTINY | BAIO","ManiaAddNotesLab-64eca68cb6f6401a8fbd4034d5a921ea/orgT - DESTINY (Baio) [Insane].osu","Insane",7,1,ReducedHeldPrevNext,1302,1096,8399,104,7.663321167883,0.094890510949,1203,0,6,82,11,998,0,6,82,10,88,2,136,0,0,0,0,0,42.1139,58.4596,15106224,0.076036866359,0.067588325653,0.074817518248,N/A,N/A
"SAMFREE FT. SF-A2 MIKI | MIKIMIKI ROMANTIC NIGHT | NANANANA","ManiaAddNotesLab-f5b43f7ecd4c4b3c85e2a5b98daa23ae/Samfree ft. SF-A2 Miki - MikiMiki Romantic Night (Nananana) [Miki Dance].osu","Miki Dance",7,1,ReducedOnly,4027,3829,20104,20104,5.250457038391,5.250457038391,40,51,3829,62,45,0,0,3829,0,0,3891,401,308386,0,0,0,0,0,157.8677,224.772,47667555,0.99006704743,0.966227961261,0,N/A,N/A
"SAMFREE FT. SF-A2 MIKI | MIKIMIKI ROMANTIC NIGHT | NANANANA","ManiaAddNotesLab-f5b43f7ecd4c4b3c85e2a5b98daa23ae/Samfree ft. SF-A2 Miki - MikiMiki Romantic Night (Nananana) [Miki Dance].osu","Miki Dance",7,1,ReducedHeld,4027,3829,20104,18701,5.250457038391,4.884042831026,92,34,3806,60,35,17,2,3806,4,0,3866,112,300876,0,0,0,0,0,157.8677,224.772,47667555,0.977154209089,0.960019865905,0.00104465918,N/A,N/A
"SAMFREE FT. SF-A2 MIKI | MIKIMIKI ROMANTIC NIGHT | NANANANA","ManiaAddNotesLab-f5b43f7ecd4c4b3c85e2a5b98daa23ae/Samfree ft. SF-A2 Miki - MikiMiki Romantic Night (Nananana) [Miki Dance].osu","Miki Dance",7,1,ReducedPrevious,4027,3829,20104,6461,5.250457038391,1.687385740402,828,295,1702,790,412,690,283,1702,757,397,2492,34,13868,0,0,0,0,0,157.8677,224.772,47667555,0.794387881798,0.61882294512,0.197701749804,N/A,N/A
"SAMFREE FT. SF-A2 MIKI | MIKIMIKI ROMANTIC NIGHT | NANANANA","ManiaAddNotesLab-f5b43f7ecd4c4b3c85e2a5b98daa23ae/Samfree ft. SF-A2 Miki - MikiMiki Romantic Night (Nananana) [Miki Dance].osu","Miki Dance",7,1,ReducedPreviousTransition,4027,3829,20104,2132,5.250457038391,0.556803342909,2345,103,321,720,538,2178,100,321,698,532,1041,2,2792,0,0,0,0,0,157.8677,224.772,47667555,0.417680655575,0.258505090638,0.1822930269,N/A,N/A
"SAMFREE FT. SF-A2 MIKI | MIKIMIKI ROMANTIC NIGHT | NANANANA","ManiaAddNotesLab-f5b43f7ecd4c4b3c85e2a5b98daa23ae/Samfree ft. SF-A2 Miki - MikiMiki Romantic Night (Nananana) [Miki Dance].osu","Miki Dance",7,1,ReducedNext,4027,3829,20104,6243,5.250457038391,1.630451815095,801,260,1607,898,461,687,246,1607,855,434,2505,19,13852,0,0,0,0,0,157.8677,224.772,47667555,0.801092624783,0.622051154706,0.223295899713,N/A,N/A
"SAMFREE FT. SF-A2 MIKI | MIKIMIKI ROMANTIC NIGHT | NANANANA","ManiaAddNotesLab-f5b43f7ecd4c4b3c85e2a5b98daa23ae/Samfree ft. SF-A2 Miki - MikiMiki Romantic Night (Nananana) [Miki Dance].osu","Miki Dance",7,1,ReducedNextTransition,4027,3829,20104,2099,5.250457038391,0.548184904675,2307,86,295,768,571,2156,83,295,743,552,1063,2,2766,0,0,0,0,0,157.8677,224.772,47667555,0.427116960517,0.263968214552,0.194045442674,N/A,N/A
"SAMFREE FT. SF-A2 MIKI | MIKIMIKI ROMANTIC NIGHT | NANANANA","ManiaAddNotesLab-f5b43f7ecd4c4b3c85e2a5b98daa23ae/Samfree ft. SF-A2 Miki - MikiMiki Romantic Night (Nananana) [Miki Dance].osu","Miki Dance",7,1,ReducedPrevNext,4027,3829,20104,282,5.250457038391,0.073648472186,3742,0,4,203,78,3551,0,4,199,75,207,0,352,0,0,0,0,0,157.8677,224.772,47667555,0.070772287062,0.051403029551,0.051971794202,N/A,N/A
"SAMFREE FT. SF-A2 MIKI | MIKIMIKI ROMANTIC NIGHT | NANANANA","ManiaAddNotesLab-f5b43f7ecd4c4b3c85e2a5b98daa23ae/Samfree ft. SF-A2 Miki - MikiMiki Romantic Night (Nananana) [Miki Dance].osu","Miki Dance",7,1,ReducedHeldPrevNext,4027,3829,20104,282,5.250457038391,0.073648472186,3742,0,4,203,78,3551,0,4,199,75,207,0,352,0,0,0,0,0,157.8677,224.772,47667555,0.070772287062,0.051403029551,0.051971794202,N/A,N/A
