key_count,reduced_head_count,held_before,pair_type,view,trials,comparable,joint_unique,joint_alternatives,target_absent,no_context,target_marginal_only
4,0,false,TapTap,ReducedOnly,347,347,0,347,0,0,0
4,0,false,TapTap,ReducedHeld,347,347,0,347,0,0,0
4,0,false,TapTap,ReducedPrevious,347,346,4,333,9,1,4
4,0,false,TapTap,ReducedPreviousTransition,347,314,49,196,69,33,28
4,0,false,TapTap,ReducedNext,347,346,11,327,8,1,8
4,0,false,TapTap,ReducedNextTransition,347,306,44,202,60,41,25
4,0,false,TapTap,ReducedPrevNext,347,115,94,2,19,232,5
4,0,false,TapTap,ReducedHeldPrevNext,347,115,94,2,19,232,5
4,0,false,TapLongNote,ReducedOnly,33,33,0,32,1,0,1
4,0,false,TapLongNote,ReducedHeld,33,33,0,31,2,0,2
4,0,false,TapLongNote,ReducedPrevious,33,33,0,27,6,0,2
4,0,false,TapLongNote,ReducedPreviousTransition,33,30,0,23,7,3,1
4,0,false,TapLongNote,ReducedNext,33,33,0,28,5,0,2
4,0,false,TapLongNote,ReducedNextTransition,33,31,27,0,4,2,1
4,0,false,TapLongNote,ReducedPrevNext,33,22,22,0,0,11,0
4,0,false,TapLongNote,ReducedHeldPrevNext,33,22,22,0,0,11,0
4,0,false,LongNoteLongNote,ReducedOnly,11,11,0,11,0,0,0
4,0,false,LongNoteLongNote,ReducedHeld,11,11,0,10,1,0,1
4,0,false,LongNoteLongNote,ReducedPrevious,11,10,0,8,2,1,0
4,0,false,LongNoteLongNote,ReducedPreviousTransition,11,10,4,2,4,1,0
4,0,false,LongNoteLongNote,ReducedNext,11,10,2,6,2,1,0
4,0,false,LongNoteLongNote,ReducedNextTransition,11,7,0,5,2,4,0
4,0,false,LongNoteLongNote,ReducedPrevNext,11,0,0,0,0,11,0
4,0,false,LongNoteLongNote,ReducedHeldPrevNext,11,0,0,0,0,11,0
4,0,true,TapTap,ReducedOnly,34,34,0,34,0,0,0
4,0,true,TapTap,ReducedHeld,34,34,0,29,5,0,5
4,0,true,TapTap,ReducedPrevious,34,33,0,22,11,1,3
4,0,true,TapTap,ReducedPreviousTransition,34,30,4,10,16,4,3
4,0,true,TapTap,ReducedNext,34,33,2,20,11,1,1
4,0,true,TapTap,ReducedNextTransition,34,28,10,8,10,6,0
4,0,true,TapTap,ReducedPrevNext,34,10,8,0,2,24,0
4,0,true,TapTap,ReducedHeldPrevNext,34,10,8,0,2,24,0
4,0,true,TapLongNote,ReducedOnly,47,47,0,46,1,0,1
4,0,true,TapLongNote,ReducedHeld,47,47,0,40,7,0,5
4,0,true,TapLongNote,ReducedPrevious,47,45,0,36,9,2,4
4,0,true,TapLongNote,ReducedPreviousTransition,47,39,0,28,11,8,2
4,0,true,TapLongNote,ReducedNext,47,45,0,27,18,2,6
4,0,true,TapLongNote,ReducedNextTransition,47,43,0,17,26,4,3
4,0,true,TapLongNote,ReducedPrevNext,47,19,7,7,5,28,0
4,0,true,TapLongNote,ReducedHeldPrevNext,47,16,11,3,2,31,0
4,0,true,LongNoteLongNote,ReducedOnly,378,378,0,378,0,0,0
4,0,true,LongNoteLongNote,ReducedHeld,378,378,0,378,0,0,0
4,0,true,LongNoteLongNote,ReducedPrevious,378,374,36,316,22,4,9
4,0,true,LongNoteLongNote,ReducedPreviousTransition,378,359,58,265,36,19,13
4,0,true,LongNoteLongNote,ReducedNext,378,376,11,344,21,2,8
4,0,true,LongNoteLongNote,ReducedNextTransition,378,368,43,291,34,10,11
4,0,true,LongNoteLongNote,ReducedPrevNext,378,267,221,18,28,111,0
4,0,true,LongNoteLongNote,ReducedHeldPrevNext,378,229,224,0,5,149,0
4,1,false,TapTap,ReducedOnly,232,232,0,231,1,0,1
4,1,false,TapTap,ReducedHeld,232,232,0,231,1,0,1
4,1,false,TapTap,ReducedPrevious,232,218,0,192,26,14,7
4,1,false,TapTap,ReducedPreviousTransition,232,176,81,48,47,56,12
4,1,false,TapTap,ReducedNext,232,225,20,172,33,7,14
4,1,false,TapTap,ReducedNextTransition,232,172,70,44,58,60,15
4,1,false,TapTap,ReducedPrevNext,232,69,51,0,18,163,6
4,1,false,TapTap,ReducedHeldPrevNext,232,69,51,0,18,163,6
4,1,false,TapLongNote,ReducedOnly,20,20,0,14,6,0,3
4,1,false,TapLongNote,ReducedHeld,20,20,0,12,8,0,3
4,1,false,TapLongNote,ReducedPrevious,20,18,0,0,18,2,1
4,1,false,TapLongNote,ReducedPreviousTransition,20,14,0,0,14,6,1
4,1,false,TapLongNote,ReducedNext,20,18,0,8,10,2,1
4,1,false,TapLongNote,ReducedNextTransition,20,9,2,0,7,11,0
4,1,false,TapLongNote,ReducedPrevNext,20,4,0,0,4,16,0
4,1,false,TapLongNote,ReducedHeldPrevNext,20,4,0,0,4,16,0
4,1,false,LongNoteLongNote,ReducedOnly,120,120,2,116,2,0,1
4,1,false,LongNoteLongNote,ReducedHeld,120,120,2,115,3,0,0
4,1,false,LongNoteLongNote,ReducedPrevious,120,105,29,61,15,15,2
4,1,false,LongNoteLongNote,ReducedPreviousTransition,120,85,34,44,7,35,0
4,1,false,LongNoteLongNote,ReducedNext,120,109,27,79,3,11,0
4,1,false,LongNoteLongNote,ReducedNextTransition,120,92,34,57,1,28,0
4,1,false,LongNoteLongNote,ReducedPrevNext,120,71,65,4,2,49,0
4,1,false,LongNoteLongNote,ReducedHeldPrevNext,120,71,65,4,2,49,0
4,1,true,TapLongNote,ReducedOnly,24,24,0,22,2,0,2
4,1,true,TapLongNote,ReducedHeld,24,24,0,22,2,0,0
4,1,true,TapLongNote,ReducedPrevious,24,22,0,8,14,2,0
4,1,true,TapLongNote,ReducedPreviousTransition,24,21,0,8,13,3,0
4,1,true,TapLongNote,ReducedNext,24,18,0,12,6,6,0
4,1,true,TapLongNote,ReducedNextTransition,24,14,6,0,8,10,0
4,1,true,TapLongNote,ReducedPrevNext,24,4,4,0,0,20,0
4,1,true,TapLongNote,ReducedHeldPrevNext,24,4,4,0,0,20,0
4,1,true,LongNoteLongNote,ReducedOnly,198,198,3,194,1,0,1
4,1,true,LongNoteLongNote,ReducedHeld,198,197,67,130,0,1,0
4,1,true,LongNoteLongNote,ReducedPrevious,198,183,31,123,29,15,12
4,1,true,LongNoteLongNote,ReducedPreviousTransition,198,170,83,56,31,28,5
4,1,true,LongNoteLongNote,ReducedNext,198,181,42,132,7,17,1
4,1,true,LongNoteLongNote,ReducedNextTransition,198,170,49,116,5,28,0
4,1,true,LongNoteLongNote,ReducedPrevNext,198,128,128,0,0,70,0
4,1,true,LongNoteLongNote,ReducedHeldPrevNext,198,128,128,0,0,70,0
4,2,false,TapTap,ReducedOnly,54,54,54,0,0,0,0
4,2,false,TapTap,ReducedHeld,54,54,54,0,0,0,0
4,2,false,TapTap,ReducedPrevious,54,36,36,0,0,18,0
4,2,false,TapTap,ReducedPreviousTransition,54,24,24,0,0,30,0
4,2,false,TapTap,ReducedNext,54,36,36,0,0,18,0
4,2,false,TapTap,ReducedNextTransition,54,24,24,0,0,30,0
4,2,false,TapTap,ReducedPrevNext,54,12,12,0,0,42,0
4,2,false,TapTap,ReducedHeldPrevNext,54,12,12,0,0,42,0
4,2,false,TapLongNote,ReducedOnly,36,36,0,36,0,0,0
4,2,false,TapLongNote,ReducedHeld,36,36,0,36,0,0,0
4,2,false,TapLongNote,ReducedPrevious,36,36,24,12,0,0,0
4,2,false,TapLongNote,ReducedPreviousTransition,36,34,22,11,1,2,0
4,2,false,TapLongNote,ReducedNext,36,33,33,0,0,3,0
4,2,false,TapLongNote,ReducedNextTransition,36,21,21,0,0,15,0
4,2,false,TapLongNote,ReducedPrevNext,36,21,21,0,0,15,0
4,2,false,TapLongNote,ReducedHeldPrevNext,36,21,21,0,0,15,0
4,2,false,LongNoteLongNote,ReducedOnly,108,108,48,60,0,0,0
4,2,false,LongNoteLongNote,ReducedHeld,108,108,48,60,0,0,0
4,2,false,LongNoteLongNote,ReducedPrevious,108,108,108,0,0,0,0
4,2,false,LongNoteLongNote,ReducedPreviousTransition,108,99,99,0,0,9,0
4,2,false,LongNoteLongNote,ReducedNext,108,105,105,0,0,3,0
4,2,false,LongNoteLongNote,ReducedNextTransition,108,87,87,0,0,21,0
4,2,false,LongNoteLongNote,ReducedPrevNext,108,75,75,0,0,33,0
4,2,false,LongNoteLongNote,ReducedHeldPrevNext,108,75,75,0,0,33,0
7,0,false,TapTap,ReducedOnly,2734,2734,0,2731,3,0,3
7,0,false,TapTap,ReducedHeld,2734,2734,0,2718,16,0,16
7,0,false,TapTap,ReducedPrevious,2734,2621,112,1777,732,113,381
7,0,false,TapTap,ReducedPreviousTransition,2734,2063,194,1049,820,671,279
7,0,false,TapTap,ReducedNext,2734,2608,132,1808,668,126,371
7,0,false,TapTap,ReducedNextTransition,2734,2061,186,1068,807,673,270
7,0,false,TapTap,ReducedPrevNext,2734,623,320,73,230,2111,27
7,0,false,TapTap,ReducedHeldPrevNext,2734,613,321,67,225,2121,22
7,0,false,TapLongNote,ReducedOnly,100,100,0,91,9,0,3
7,0,false,TapLongNote,ReducedHeld,100,100,0,51,49,0,41
7,0,false,TapLongNote,ReducedPrevious,100,86,0,22,64,14,20
7,0,false,TapLongNote,ReducedPreviousTransition,100,52,0,8,44,48,5
7,0,false,TapLongNote,ReducedNext,100,87,3,20,64,13,30
7,0,false,TapLongNote,ReducedNextTransition,100,59,2,7,50,41,12
7,0,false,TapLongNote,ReducedPrevNext,100,12,2,0,10,88,1
7,0,false,TapLongNote,ReducedHeldPrevNext,100,10,2,0,8,90,0
7,0,false,LongNoteLongNote,ReducedOnly,111,111,0,108,3,0,2
7,0,false,LongNoteLongNote,ReducedHeld,111,111,0,100,11,0,10
7,0,false,LongNoteLongNote,ReducedPrevious,111,97,2,23,72,14,20
7,0,false,LongNoteLongNote,ReducedPreviousTransition,111,59,0,7,52,52,5
7,0,false,LongNoteLongNote,ReducedNext,111,93,0,29,64,18,24
7,0,false,LongNoteLongNote,ReducedNextTransition,111,67,1,11,55,44,11
7,0,false,LongNoteLongNote,ReducedPrevNext,111,2,0,0,2,109,0
7,0,false,LongNoteLongNote,ReducedHeldPrevNext,111,0,0,0,0,111,0
7,0,true,TapTap,ReducedOnly,634,634,0,627,7,0,7
7,0,true,TapTap,ReducedHeld,634,630,4,354,272,4,148
7,0,true,TapTap,ReducedPrevious,634,484,31,238,215,150,63
7,0,true,TapTap,ReducedPreviousTransition,634,276,33,78,165,358,23
7,0,true,TapTap,ReducedNext,634,499,18,236,245,135,77
7,0,true,TapTap,ReducedNextTransition,634,276,34,89,153,358,27
7,0,true,TapTap,ReducedPrevNext,634,66,16,8,42,568,8
7,0,true,TapTap,ReducedHeldPrevNext,634,22,8,2,12,612,0
7,0,true,TapLongNote,ReducedOnly,741,741,0,718,23,0,20
7,0,true,TapLongNote,ReducedHeld,741,727,7,275,445,14,246
7,0,true,TapLongNote,ReducedPrevious,741,589,30,149,410,152,131
7,0,true,TapLongNote,ReducedPreviousTransition,741,319,33,28,258,422,18
7,0,true,TapLongNote,ReducedNext,741,612,25,154,433,129,137
7,0,true,TapLongNote,ReducedNextTransition,741,320,46,26,248,421,25
7,0,true,TapLongNote,ReducedPrevNext,741,53,23,0,30,688,0
7,0,true,TapLongNote,ReducedHeldPrevNext,741,31,17,0,14,710,0
7,0,true,LongNoteLongNote,ReducedOnly,1165,1165,0,1161,4,0,3
7,0,true,LongNoteLongNote,ReducedHeld,1165,1145,158,592,395,20,215
7,0,true,LongNoteLongNote,ReducedPrevious,1165,1000,28,518,454,165,218
7,0,true,LongNoteLongNote,ReducedPreviousTransition,1165,738,53,296,389,427,134
7,0,true,LongNoteLongNote,ReducedNext,1165,1017,24,543,450,148,208
7,0,true,LongNoteLongNote,ReducedNextTransition,1165,774,62,330,382,391,157
7,0,true,LongNoteLongNote,ReducedPrevNext,1165,223,56,40,127,942,19
7,0,true,LongNoteLongNote,ReducedHeldPrevNext,1165,65,59,0,6,1100,0
7,1,false,TapTap,ReducedOnly,6466,6466,0,6401,65,0,61
7,1,false,TapTap,ReducedHeld,6466,6464,0,6363,101,2,58
7,1,false,TapTap,ReducedPrevious,6466,5803,321,3666,1816,663,769
7,1,false,TapTap,ReducedPreviousTransition,6466,4192,427,2012,1753,2274,465
7,1,false,TapTap,ReducedNext,6466,5778,635,3108,2035,688,894
7,1,false,TapTap,ReducedNextTransition,6466,4066,669,1672,1725,2400,479
7,1,false,TapTap,ReducedPrevNext,6466,1142,483,222,437,5324,50
7,1,false,TapTap,ReducedHeldPrevNext,6466,1137,483,222,432,5329,50
7,1,false,TapLongNote,ReducedOnly,180,180,0,112,68,0,52
7,1,false,TapLongNote,ReducedHeld,180,175,0,58,117,5,61
7,1,false,TapLongNote,ReducedPrevious,180,110,4,18,88,70,19
7,1,false,TapLongNote,ReducedPreviousTransition,180,29,6,2,21,151,0
7,1,false,TapLongNote,ReducedNext,180,107,0,34,73,73,16
7,1,false,TapLongNote,ReducedNextTransition,180,37,6,8,23,143,1
7,1,false,TapLongNote,ReducedPrevNext,180,4,4,0,0,176,0
7,1,false,TapLongNote,ReducedHeldPrevNext,180,4,4,0,0,176,0
7,1,false,LongNoteLongNote,ReducedOnly,383,383,0,354,29,0,20
7,1,false,LongNoteLongNote,ReducedHeld,383,383,0,284,99,0,69
7,1,false,LongNoteLongNote,ReducedPrevious,383,219,7,46,166,164,39
7,1,false,LongNoteLongNote,ReducedPreviousTransition,383,94,7,18,69,289,8
7,1,false,LongNoteLongNote,ReducedNext,383,251,9,78,164,132,64
7,1,false,LongNoteLongNote,ReducedNextTransition,383,124,6,33,85,259,25
7,1,false,LongNoteLongNote,ReducedPrevNext,383,8,2,0,6,375,0
7,1,false,LongNoteLongNote,ReducedHeldPrevNext,383,6,2,0,4,377,0
7,1,true,TapTap,ReducedOnly,789,789,0,641,148,0,136
7,1,true,TapTap,ReducedHeld,789,687,71,210,406,102,61
7,1,true,TapTap,ReducedPrevious,789,544,63,166,315,245,71
7,1,true,TapTap,ReducedPreviousTransition,789,225,68,12,145,564,4
7,1,true,TapTap,ReducedNext,789,507,48,181,278,282,54
7,1,true,TapTap,ReducedNextTransition,789,219,53,21,145,570,13
7,1,true,TapTap,ReducedPrevNext,789,39,30,0,9,750,0
7,1,true,TapTap,ReducedHeldPrevNext,789,34,30,0,4,755,0
7,1,true,TapLongNote,ReducedOnly,1562,1562,0,1164,398,0,364
7,1,true,TapLongNote,ReducedHeld,1562,1284,32,392,860,278,126
7,1,true,TapLongNote,ReducedPrevious,1562,1039,98,174,767,523,139
7,1,true,TapLongNote,ReducedPreviousTransition,1562,509,92,32,385,1053,15
7,1,true,TapLongNote,ReducedNext,1562,1055,76,226,753,507,117
7,1,true,TapLongNote,ReducedNextTransition,1562,514,84,36,394,1048,24
7,1,true,TapLongNote,ReducedPrevNext,1562,101,54,2,45,1461,0
7,1,true,TapLongNote,ReducedHeldPrevNext,1562,62,52,0,10,1500,0
7,1,true,LongNoteLongNote,ReducedOnly,2062,2062,0,1924,138,0,131
7,1,true,LongNoteLongNote,ReducedHeld,2062,1774,435,621,718,288,129
7,1,true,LongNoteLongNote,ReducedPrevious,2062,1603,75,573,955,459,340
7,1,true,LongNoteLongNote,ReducedPreviousTransition,2062,1013,183,255,575,1049,129
7,1,true,LongNoteLongNote,ReducedNext,2062,1566,85,614,867,496,284
7,1,true,LongNoteLongNote,ReducedNextTransition,2062,1042,149,260,633,1020,196
7,1,true,LongNoteLongNote,ReducedPrevNext,2062,287,182,14,91,1775,5
7,1,true,LongNoteLongNote,ReducedHeldPrevNext,2062,142,140,0,2,1920,0
7,2,false,TapTap,ReducedOnly,10199,10190,3,9934,253,9,195
7,2,false,TapTap,ReducedHeld,10199,10172,6,9889,277,27,145
7,2,false,TapTap,ReducedPrevious,10199,8891,1201,6065,1625,1308,661
7,2,false,TapTap,ReducedPreviousTransition,10199,7199,1155,4281,1763,3000,601
7,2,false,TapTap,ReducedNext,10199,8739,612,6408,1719,1460,598
7,2,false,TapTap,ReducedNextTransition,10199,7186,584,4828,1774,3013,591
7,2,false,TapTap,ReducedPrevNext,10199,3292,1564,812,916,6907,205
7,2,false,TapTap,ReducedHeldPrevNext,10199,3292,1564,812,916,6907,205
7,2,false,TapLongNote,ReducedOnly,374,362,2,194,166,12,140
7,2,false,TapLongNote,ReducedHeld,374,341,0,124,217,33,76
7,2,false,TapLongNote,ReducedPrevious,374,168,7,14,147,206,15
7,2,false,TapLongNote,ReducedPreviousTransition,374,36,6,0,30,338,0
7,2,false,TapLongNote,ReducedNext,374,190,35,22,133,184,12
7,2,false,TapLongNote,ReducedNextTransition,374,34,12,3,19,340,0
7,2,false,TapLongNote,ReducedPrevNext,374,8,6,0,2,366,0
7,2,false,TapLongNote,ReducedHeldPrevNext,374,8,6,0,2,366,0
7,2,false,LongNoteLongNote,ReducedOnly,431,431,0,379,52,0,37
7,2,false,LongNoteLongNote,ReducedHeld,431,420,4,243,173,11,99
7,2,false,LongNoteLongNote,ReducedPrevious,431,180,31,38,111,251,6
7,2,false,LongNoteLongNote,ReducedPreviousTransition,431,60,30,0,30,371,0
7,2,false,LongNoteLongNote,ReducedNext,431,187,36,33,118,244,8
7,2,false,LongNoteLongNote,ReducedNextTransition,431,62,8,13,41,369,1
7,2,false,LongNoteLongNote,ReducedPrevNext,431,0,0,0,0,431,0
7,2,false,LongNoteLongNote,ReducedHeldPrevNext,431,0,0,0,0,431,0
7,2,true,TapTap,ReducedOnly,716,714,1,414,299,2,223
7,2,true,TapTap,ReducedHeld,716,465,125,99,241,251,17
7,2,true,TapTap,ReducedPrevious,716,329,60,83,186,387,19
7,2,true,TapTap,ReducedPreviousTransition,716,133,44,29,60,583,0
7,2,true,TapTap,ReducedNext,716,359,111,75,173,357,11
7,2,true,TapTap,ReducedNextTransition,716,140,76,8,56,576,3
7,2,true,TapTap,ReducedPrevNext,716,22,22,0,0,694,0
7,2,true,TapTap,ReducedHeldPrevNext,716,16,16,0,0,700,0
7,2,true,TapLongNote,ReducedOnly,1550,1545,2,785,758,5,564
7,2,true,TapLongNote,ReducedHeld,1550,876,114,230,532,674,35
7,2,true,TapLongNote,ReducedPrevious,1550,733,97,187,449,817,41
7,2,true,TapLongNote,ReducedPreviousTransition,1550,323,79,51,193,1227,5
7,2,true,TapLongNote,ReducedNext,1550,720,95,226,399,830,28
7,2,true,TapLongNote,ReducedNextTransition,1550,356,84,93,179,1194,5
7,2,true,TapLongNote,ReducedPrevNext,1550,64,40,0,24,1486,0
7,2,true,TapLongNote,ReducedHeldPrevNext,1550,16,16,0,0,1534,0
7,2,true,LongNoteLongNote,ReducedOnly,1454,1454,0,1042,412,0,331
7,2,true,LongNoteLongNote,ReducedHeld,1454,887,227,177,483,567,60
7,2,true,LongNoteLongNote,ReducedPrevious,1454,676,125,114,437,778,43
7,2,true,LongNoteLongNote,ReducedPreviousTransition,1454,313,110,29,174,1141,5
7,2,true,LongNoteLongNote,ReducedNext,1454,727,169,164,394,727,33
7,2,true,LongNoteLongNote,ReducedNextTransition,1454,369,112,71,186,1085,10
7,2,true,LongNoteLongNote,ReducedPrevNext,1454,87,70,0,17,1367,0
7,2,true,LongNoteLongNote,ReducedHeldPrevNext,1454,64,64,0,0,1390,0
7,3,false,TapTap,ReducedOnly,3564,3535,14,3323,198,29,120
7,3,false,TapTap,ReducedHeld,3564,3522,44,3288,190,42,107
7,3,false,TapTap,ReducedPrevious,3564,2549,676,1504,369,1015,121
7,3,false,TapTap,ReducedPreviousTransition,3564,1739,628,682,429,1825,75
7,3,false,TapTap,ReducedNext,3564,2552,788,1313,451,1012,138
7,3,false,TapTap,ReducedNextTransition,3564,1804,777,483,544,1760,92
7,3,false,TapTap,ReducedPrevNext,3564,512,480,0,32,3052,0
7,3,false,TapTap,ReducedHeldPrevNext,3564,512,480,0,32,3052,0
7,3,false,TapLongNote,ReducedOnly,172,139,6,24,109,33,33
7,3,false,TapLongNote,ReducedHeld,172,99,4,4,91,73,10
7,3,false,TapLongNote,ReducedPrevious,172,40,0,4,36,132,3
7,3,false,TapLongNote,ReducedPreviousTransition,172,11,0,0,11,161,0
7,3,false,TapLongNote,ReducedNext,172,25,3,7,15,147,1
7,3,false,TapLongNote,ReducedNextTransition,172,2,0,0,2,170,0
7,3,false,TapLongNote,ReducedPrevNext,172,0,0,0,0,172,0
7,3,false,TapLongNote,ReducedHeldPrevNext,172,0,0,0,0,172,0
7,3,false,LongNoteLongNote,ReducedOnly,244,231,11,132,88,13,31
7,3,false,LongNoteLongNote,ReducedHeld,244,189,23,47,119,55,25
7,3,false,LongNoteLongNote,ReducedPrevious,244,56,22,4,30,188,1
7,3,false,LongNoteLongNote,ReducedPreviousTransition,244,7,0,0,7,237,0
7,3,false,LongNoteLongNote,ReducedNext,244,64,26,23,15,180,1
7,3,false,LongNoteLongNote,ReducedNextTransition,244,19,9,1,9,225,0
7,3,false,LongNoteLongNote,ReducedPrevNext,244,0,0,0,0,244,0
7,3,false,LongNoteLongNote,ReducedHeldPrevNext,244,0,0,0,0,244,0
7,3,true,TapTap,ReducedOnly,273,212,0,41,171,61,50
7,3,true,TapTap,ReducedHeld,273,39,0,0,39,234,0
7,3,true,TapTap,ReducedPrevious,273,11,0,0,11,262,2
7,3,true,TapTap,ReducedPreviousTransition,273,7,0,0,7,266,0
7,3,true,TapTap,ReducedNext,273,31,3,8,20,242,0
7,3,true,TapTap,ReducedNextTransition,273,23,3,7,13,250,0
7,3,true,TapTap,ReducedPrevNext,273,0,0,0,0,273,0
7,3,true,TapTap,ReducedHeldPrevNext,273,0,0,0,0,273,0
7,3,true,TapLongNote,ReducedOnly,482,426,2,100,324,56,93
7,3,true,TapLongNote,ReducedHeld,482,161,37,19,105,321,6
7,3,true,TapLongNote,ReducedPrevious,482,106,36,24,46,376,1
7,3,true,TapLongNote,ReducedPreviousTransition,482,68,33,15,20,414,0
7,3,true,TapLongNote,ReducedNext,482,107,39,27,41,375,2
7,3,true,TapLongNote,ReducedNextTransition,482,65,44,0,21,417,0
7,3,true,TapLongNote,ReducedPrevNext,482,40,40,0,0,442,0
7,3,true,TapLongNote,ReducedHeldPrevNext,482,40,40,0,0,442,0
7,3,true,LongNoteLongNote,ReducedOnly,565,527,24,263,240,38,93
7,3,true,LongNoteLongNote,ReducedHeld,565,255,157,47,51,310,3
7,3,true,LongNoteLongNote,ReducedPrevious,565,151,79,31,41,414,0
7,3,true,LongNoteLongNote,ReducedPreviousTransition,565,103,83,9,11,462,0
7,3,true,LongNoteLongNote,ReducedNext,565,148,86,27,35,417,0
7,3,true,LongNoteLongNote,ReducedNextTransition,565,88,75,1,12,477,0
7,3,true,LongNoteLongNote,ReducedPrevNext,565,60,60,0,0,505,0
7,3,true,LongNoteLongNote,ReducedHeldPrevNext,565,60,60,0,0,505,0
7,4,false,TapTap,ReducedOnly,417,398,28,244,126,19,95
7,4,false,TapTap,ReducedHeld,417,393,28,244,121,24,95
7,4,false,TapTap,ReducedPrevious,417,87,75,2,10,330,0
7,4,false,TapTap,ReducedPreviousTransition,417,85,75,0,10,332,0
7,4,false,TapTap,ReducedNext,417,118,87,20,11,299,0
7,4,false,TapTap,ReducedNextTransition,417,75,50,10,15,342,0
7,4,false,TapTap,ReducedPrevNext,417,0,0,0,0,417,0
7,4,false,TapTap,ReducedHeldPrevNext,417,0,0,0,0,417,0
7,4,false,TapLongNote,ReducedOnly,41,17,14,2,1,24,0
7,4,false,TapLongNote,ReducedHeld,41,16,16,0,0,25,0
7,4,false,TapLongNote,ReducedPrevious,41,16,16,0,0,25,0
7,4,false,TapLongNote,ReducedPreviousTransition,41,0,0,0,0,41,0
7,4,false,TapLongNote,ReducedNext,41,16,16,0,0,25,0
7,4,false,TapLongNote,ReducedNextTransition,41,0,0,0,0,41,0
7,4,false,TapLongNote,ReducedPrevNext,41,0,0,0,0,41,0
7,4,false,TapLongNote,ReducedHeldPrevNext,41,0,0,0,0,41,0
7,4,false,LongNoteLongNote,ReducedOnly,97,78,44,13,21,19,2
7,4,false,LongNoteLongNote,ReducedHeld,97,71,42,0,29,26,3
7,4,false,LongNoteLongNote,ReducedPrevious,97,23,12,0,11,74,0
7,4,false,LongNoteLongNote,ReducedPreviousTransition,97,0,0,0,0,97,0
7,4,false,LongNoteLongNote,ReducedNext,97,13,12,0,1,84,0
7,4,false,LongNoteLongNote,ReducedNextTransition,97,0,0,0,0,97,0
7,4,false,LongNoteLongNote,ReducedPrevNext,97,0,0,0,0,97,0
7,4,false,LongNoteLongNote,ReducedHeldPrevNext,97,0,0,0,0,97,0
7,4,true,TapTap,ReducedOnly,73,14,0,2,12,59,0
7,4,true,TapTap,ReducedHeld,73,5,2,0,3,68,0
7,4,true,TapTap,ReducedPrevious,73,3,2,0,1,70,0
7,4,true,TapTap,ReducedPreviousTransition,73,2,2,0,0,71,0
7,4,true,TapTap,ReducedNext,73,2,2,0,0,71,0
7,4,true,TapTap,ReducedNextTransition,73,2,2,0,0,71,0
7,4,true,TapTap,ReducedPrevNext,73,2,2,0,0,71,0
7,4,true,TapTap,ReducedHeldPrevNext,73,2,2,0,0,71,0
7,4,true,TapLongNote,ReducedOnly,74,31,16,0,15,43,0
7,4,true,TapLongNote,ReducedHeld,74,16,16,0,0,58,0
7,4,true,TapLongNote,ReducedPrevious,74,16,16,0,0,58,0
7,4,true,TapLongNote,ReducedPreviousTransition,74,16,16,0,0,58,0
7,4,true,TapLongNote,ReducedNext,74,16,16,0,0,58,0
7,4,true,TapLongNote,ReducedNextTransition,74,16,16,0,0,58,0
7,4,true,TapLongNote,ReducedPrevNext,74,16,16,0,0,58,0
7,4,true,TapLongNote,ReducedHeldPrevNext,74,16,16,0,0,58,0
7,4,true,LongNoteLongNote,ReducedOnly,78,45,16,26,3,33,0
7,4,true,LongNoteLongNote,ReducedHeld,78,44,40,2,2,34,0
7,4,true,LongNoteLongNote,ReducedPrevious,78,13,12,0,1,65,0
7,4,true,LongNoteLongNote,ReducedPreviousTransition,78,12,12,0,0,66,0
7,4,true,LongNoteLongNote,ReducedNext,78,12,12,0,0,66,0
7,4,true,LongNoteLongNote,ReducedNextTransition,78,12,12,0,0,66,0
7,4,true,LongNoteLongNote,ReducedPrevNext,78,12,12,0,0,66,0
7,4,true,LongNoteLongNote,ReducedHeldPrevNext,78,12,12,0,0,66,0
7,5,false,TapTap,ReducedOnly,378,320,170,145,5,58,0
7,5,false,TapTap,ReducedHeld,378,320,170,145,5,58,0
7,5,false,TapTap,ReducedPrevious,378,132,108,18,6,246,0
7,5,false,TapTap,ReducedPreviousTransition,378,84,84,0,0,294,0
7,5,false,TapTap,ReducedNext,378,203,183,12,8,175,0
7,5,false,TapTap,ReducedNextTransition,378,60,42,0,18,318,0
7,5,false,TapTap,ReducedPrevNext,378,0,0,0,0,378,0
7,5,false,TapTap,ReducedHeldPrevNext,378,0,0,0,0,378,0
7,5,false,TapLongNote,ReducedOnly,96,69,0,42,27,27,1
7,5,false,TapLongNote,ReducedHeld,96,69,0,42,27,27,1
7,5,false,TapLongNote,ReducedPrevious,96,14,0,0,14,82,0
7,5,false,TapLongNote,ReducedPreviousTransition,96,0,0,0,0,96,0
7,5,false,TapLongNote,ReducedNext,96,36,12,24,0,60,0
7,5,false,TapLongNote,ReducedNextTransition,96,18,0,0,18,78,0
7,5,false,TapLongNote,ReducedPrevNext,96,0,0,0,0,96,0
7,5,false,TapLongNote,ReducedHeldPrevNext,96,0,0,0,0,96,0
7,5,false,LongNoteLongNote,ReducedOnly,9,2,0,0,2,7,1
7,5,false,LongNoteLongNote,ReducedHeld,9,2,0,0,2,7,1
7,5,false,LongNoteLongNote,ReducedPrevious,9,0,0,0,0,9,0
7,5,false,LongNoteLongNote,ReducedPreviousTransition,9,0,0,0,0,9,0
7,5,false,LongNoteLongNote,ReducedNext,9,2,0,0,2,7,0
7,5,false,LongNoteLongNote,ReducedNextTransition,9,0,0,0,0,9,0
7,5,false,LongNoteLongNote,ReducedPrevNext,9,0,0,0,0,9,0
7,5,false,LongNoteLongNote,ReducedHeldPrevNext,9,0,0,0,0,9,0
10,0,false,TapTap,ReducedOnly,577,577,0,577,0,0,0
10,0,false,TapTap,ReducedHeld,577,577,0,577,0,0,0
10,0,false,TapTap,ReducedPrevious,577,561,38,439,84,16,40
10,0,false,TapTap,ReducedPreviousTransition,577,516,77,319,120,61,36
10,0,false,TapTap,ReducedNext,577,556,38,429,89,21,46
10,0,false,TapTap,ReducedNextTransition,577,506,81,307,118,71,42
10,0,false,TapTap,ReducedPrevNext,577,346,186,88,72,231,13
10,0,false,TapTap,ReducedHeldPrevNext,577,346,186,88,72,231,13
10,1,false,TapTap,ReducedOnly,1107,1107,0,1065,42,0,42
10,1,false,TapTap,ReducedHeld,1107,1107,0,1065,42,0,42
10,1,false,TapTap,ReducedPrevious,1107,932,217,506,209,175,73
10,1,false,TapTap,ReducedPreviousTransition,1107,797,288,318,191,310,35
10,1,false,TapTap,ReducedNext,1107,950,214,530,206,157,62
10,1,false,TapTap,ReducedNextTransition,1107,848,238,350,260,259,42
10,1,false,TapTap,ReducedPrevNext,1107,460,379,41,40,647,0
10,1,false,TapTap,ReducedHeldPrevNext,1107,460,379,41,40,647,0
10,2,false,TapTap,ReducedOnly,408,408,4,308,96,0,47
10,2,false,TapTap,ReducedHeld,408,408,4,308,96,0,47
10,2,false,TapTap,ReducedPrevious,408,252,201,33,18,156,0
10,2,false,TapTap,ReducedPreviousTransition,408,202,184,8,10,206,0
10,2,false,TapTap,ReducedNext,408,267,193,53,21,141,0
10,2,false,TapTap,ReducedNextTransition,408,181,157,11,13,227,0
10,2,false,TapTap,ReducedPrevNext,408,114,114,0,0,294,0
10,2,false,TapTap,ReducedHeldPrevNext,408,114,114,0,0,294,0
10,3,false,TapTap,ReducedOnly,100,73,20,20,33,27,3
10,3,false,TapTap,ReducedHeld,100,73,20,20,33,27,3
10,3,false,TapTap,ReducedPrevious,100,40,40,0,0,60,0
10,3,false,TapTap,ReducedPreviousTransition,100,40,40,0,0,60,0
10,3,false,TapTap,ReducedNext,100,40,40,0,0,60,0
10,3,false,TapTap,ReducedNextTransition,100,40,40,0,0,60,0
10,3,false,TapTap,ReducedPrevNext,100,40,40,0,0,60,0
10,3,false,TapTap,ReducedHeldPrevNext,100,40,40,0,0,60,0
