disposition,raw_donor_occurrences,distinct_center_tokens,occurrences_per_center,count,charts_present,families_present,keymodes_present
Reconstructed,1,1,"1",2117,11,11,"4;7;10"
Reconstructed,2,1,"2",777,10,10,"4;7;10"
Reconstructed,3,1,"3",378,8,8,"4;7;10"
Reconstructed,4,1,"4",180,5,5,"4;7"
Reconstructed,5,1,"5",82,6,6,"4;7"
Reconstructed,6,1,"6",69,2,2,"4"
Reconstructed,7,1,"7",71,2,2,"4"
Reconstructed,8,1,"8",99,1,1,"4"
Reconstructed,9,1,"9",50,3,3,"4;7"
Reconstructed,10,1,"10",24,1,1,"4"
Reconstructed,11,1,"11",72,1,1,"4"
Reconstructed,12,1,"12",65,1,1,"4"
Reconstructed,13,1,"13",126,2,2,"4"
Reconstructed,14,1,"14",15,1,1,"4"
Reconstructed,17,1,"17",18,1,1,"4"
Ambiguous,2,2,"1;1",728,11,11,"4;7;10"
Ambiguous,3,2,"1;2",253,11,11,"4;7;10"
Ambiguous,3,3,"1;1;1",218,9,9,"4;7;10"
Ambiguous,4,2,"1;3",86,9,9,"4;7;10"
Ambiguous,4,2,"2;2",40,7,7,"7;10"
Ambiguous,4,3,"1;1;2",121,9,9,"4;7;10"
Ambiguous,4,4,"1;1;1;1",90,9,9,"4;7;10"
Ambiguous,5,2,"1;4",39,7,7,"4;7"
Ambiguous,5,2,"2;3",67,7,7,"4;7;10"
Ambiguous,5,3,"1;1;3",45,8,8,"4;7;10"
Ambiguous,5,3,"1;2;2",33,7,7,"4;7;10"
Ambiguous,5,4,"1;1;1;2",83,7,7,"4;7;10"
Ambiguous,5,5,"1;1;1;1;1",46,6,6,"7"
Ambiguous,6,2,"2;4",7,4,4,"4;7"
Ambiguous,6,2,"3;3",5,2,2,"7"
Ambiguous,6,2,"1;5",2,1,1,"7"
Ambiguous,6,3,"1;2;3",48,7,7,"4;7;10"
Ambiguous,6,3,"1;1;4",13,4,4,"4;7"
Ambiguous,6,3,"2;2;2",6,1,1,"4"
Ambiguous,6,4,"1;1;1;3",26,6,6,"7;10"
Ambiguous,6,4,"1;1;2;2",42,6,6,"7;10"
Ambiguous,6,5,"1;1;1;1;2",41,6,6,"7"
Ambiguous,6,6,"1;1;1;1;1;1",20,5,5,"7"
Ambiguous,7,2,"1;6",9,2,2,"4;10"
Ambiguous,7,2,"3;4",18,2,2,"7"
Ambiguous,7,2,"2;5",6,1,1,"7"
Ambiguous,7,3,"1;2;4",10,3,3,"7;10"
Ambiguous,7,3,"1;1;5",6,1,1,"10"
Ambiguous,7,3,"2;2;3",11,2,2,"7;10"
Ambiguous,7,3,"1;3;3",6,3,3,"7"
Ambiguous,7,4,"1;2;2;2",11,3,3,"7;10"
Ambiguous,7,4,"1;1;2;3",28,4,4,"7;10"
Ambiguous,7,4,"1;1;1;4",6,2,2,"7;10"
Ambiguous,7,5,"1;1;1;2;2",44,7,7,"7;10"
Ambiguous,7,5,"1;1;1;1;3",15,3,3,"7"
Ambiguous,7,6,"1;1;1;1;1;2",35,5,5,"7"
Ambiguous,7,7,"1;1;1;1;1;1;1",10,2,2,"7"
Ambiguous,8,2,"1;7",2,1,1,"7"
Ambiguous,8,3,"1;1;6",10,2,2,"7;10"
Ambiguous,8,3,"2;2;4",4,1,1,"10"
Ambiguous,8,3,"2;3;3",4,1,1,"10"
Ambiguous,8,3,"1;3;4",2,1,1,"10"
Ambiguous,8,3,"1;2;5",2,1,1,"7"
Ambiguous,8,4,"1;1;2;4",9,2,2,"7;10"
Ambiguous,8,4,"1;2;2;3",10,2,2,"7;10"
Ambiguous,8,4,"1;1;1;5",12,3,3,"7;10"
Ambiguous,8,4,"1;1;3;3",3,1,1,"10"
Ambiguous,8,4,"2;2;2;2",3,1,1,"7"
Ambiguous,8,5,"1;1;1;2;3",18,3,3,"7;10"
Ambiguous,8,5,"1;1;2;2;2",6,2,2,"7"
Ambiguous,8,5,"1;1;1;1;4",10,2,2,"7"
Ambiguous,8,6,"1;1;1;1;2;2",26,3,3,"7"
Ambiguous,8,6,"1;1;1;1;1;3",22,3,3,"7"
Ambiguous,8,7,"1;1;1;1;1;1;2",10,2,2,"7"
Ambiguous,9,2,"3;6",1,1,1,"10"
Ambiguous,9,3,"2;3;4",12,2,2,"7;10"
Ambiguous,9,3,"2;2;5",6,1,1,"10"
Ambiguous,9,3,"1;2;6",3,1,1,"10"
Ambiguous,9,3,"1;3;5",10,1,1,"10"
Ambiguous,9,4,"2;2;2;3",2,1,1,"10"
Ambiguous,9,4,"1;2;2;4",8,3,3,"7;10"
Ambiguous,9,4,"1;2;3;3",8,2,2,"7;10"
Ambiguous,9,4,"1;1;3;4",4,2,2,"7;10"
Ambiguous,9,5,"1;2;2;2;2",6,1,1,"10"
Ambiguous,9,5,"1;1;2;2;3",25,3,3,"7;10"
Ambiguous,9,5,"1;1;1;2;4",8,2,2,"7"
Ambiguous,9,6,"1;1;1;1;2;3",21,3,3,"7"
Ambiguous,9,6,"1;1;1;2;2;2",25,4,4,"7"
Ambiguous,9,6,"1;1;1;1;1;4",2,1,1,"7"
Ambiguous,9,7,"1;1;1;1;1;1;3",9,1,1,"7"
Ambiguous,9,7,"1;1;1;1;1;2;2",45,4,4,"7"
Ambiguous,9,8,"1;1;1;1;1;1;1;2",23,2,2,"7"
Ambiguous,9,9,"1;1;1;1;1;1;1;1;1",2,1,1,"7"
Ambiguous,10,3,"2;2;6",3,1,1,"7"
Ambiguous,10,3,"2;3;5",7,1,1,"7"
Ambiguous,10,3,"1;3;6",2,1,1,"7"
Ambiguous,10,3,"1;4;5",2,1,1,"7"
Ambiguous,10,4,"2;2;2;4",1,1,1,"10"
Ambiguous,10,4,"1;2;3;4",5,1,1,"7"
Ambiguous,10,4,"1;2;2;5",3,1,1,"7"
Ambiguous,10,4,"1;1;3;5",2,1,1,"7"
Ambiguous,10,5,"1;2;2;2;3",4,1,1,"10"
Ambiguous,10,5,"1;1;2;2;4",9,1,1,"10"
Ambiguous,10,5,"1;1;2;3;3",6,2,2,"7"
Ambiguous,10,5,"1;1;1;3;4",4,1,1,"7"
Ambiguous,10,5,"1;1;1;1;6",5,1,1,"4"
Ambiguous,10,6,"1;1;1;1;2;4",7,2,2,"7;10"
Ambiguous,10,6,"1;1;1;2;2;3",24,4,4,"4;7;10"
Ambiguous,10,6,"1;1;1;1;3;3",8,3,3,"7"
Ambiguous,10,6,"1;1;1;1;1;5",6,1,1,"4"
Ambiguous,10,7,"1;1;1;1;1;1;4",7,1,1,"7"
Ambiguous,10,7,"1;1;1;1;1;2;3",26,4,4,"4;7"
Ambiguous,10,7,"1;1;1;1;2;2;2",11,3,3,"4;7"
Ambiguous,10,8,"1;1;1;1;1;1;1;3",10,3,3,"7"
Ambiguous,10,8,"1;1;1;1;1;1;2;2",22,3,3,"7"
Ambiguous,10,9,"1;1;1;1;1;1;1;1;2",22,3,3,"7"
Ambiguous,10,10,"1;1;1;1;1;1;1;1;1;1",4,2,2,"7"
Ambiguous,11,3,"2;3;6",7,1,1,"10"
Ambiguous,11,3,"2;2;7",3,1,1,"10"
Ambiguous,11,3,"1;3;7",2,1,1,"10"
Ambiguous,11,4,"2;3;3;3",1,1,1,"10"
Ambiguous,11,4,"1;3;3;4",2,1,1,"7"
Ambiguous,11,4,"1;1;4;5",1,1,1,"7"
Ambiguous,11,5,"1;2;2;3;3",9,1,1,"10"
Ambiguous,11,5,"1;1;3;3;3",6,2,2,"7;10"
Ambiguous,11,5,"1;1;1;2;6",8,2,2,"4;10"
Ambiguous,11,5,"1;1;2;3;4",6,1,1,"7"
Ambiguous,11,5,"1;1;1;4;4",5,1,1,"7"
Ambiguous,11,5,"1;1;1;3;5",4,1,1,"7"
Ambiguous,11,5,"1;2;2;2;4",2,1,1,"7"
Ambiguous,11,6,"1;1;1;1;2;5",17,3,3,"4;7;10"
Ambiguous,11,6,"1;1;1;1;1;6",4,2,2,"4;10"
Ambiguous,11,6,"1;1;1;2;2;4",12,3,3,"7"
Ambiguous,11,6,"1;1;2;2;2;3",7,2,2,"4;7"
Ambiguous,11,7,"1;1;1;1;2;2;3",15,3,3,"4;7;10"
Ambiguous,11,7,"1;1;1;2;2;2;2",11,3,3,"4;7"
Ambiguous,11,7,"1;1;1;1;1;3;3",6,1,1,"7"
Ambiguous,11,7,"1;1;1;1;1;2;4",9,2,2,"7"
Ambiguous,11,7,"1;1;1;1;1;1;5",2,1,1,"7"
Ambiguous,11,8,"1;1;1;1;1;2;2;2",25,4,4,"7;10"
Ambiguous,11,8,"1;1;1;1;1;1;2;3",10,2,2,"7;10"
Ambiguous,11,9,"1;1;1;1;1;1;1;2;2",22,2,2,"7"
Ambiguous,11,10,"1;1;1;1;1;1;1;1;1;2",18,3,3,"7"
Ambiguous,11,11,"1;1;1;1;1;1;1;1;1;1;1",2,1,1,"7"
Ambiguous,12,3,"2;3;7",2,1,1,"4"
Ambiguous,12,4,"2;3;3;4",1,1,1,"10"
Ambiguous,12,4,"1;2;3;6",14,1,1,"4"
Ambiguous,12,4,"1;2;2;7",6,1,1,"4"
Ambiguous,12,4,"1;1;3;7",4,1,1,"4"
Ambiguous,12,5,"1;2;3;3;3",4,1,1,"10"
Ambiguous,12,5,"1;1;3;3;4",2,1,1,"10"
Ambiguous,12,5,"1;2;2;3;4",6,1,1,"10"
Ambiguous,12,5,"1;2;2;2;5",2,1,1,"10"
Ambiguous,12,5,"2;2;2;3;3",1,1,1,"10"
Ambiguous,12,6,"1;1;1;2;2;5",6,1,1,"10"
Ambiguous,12,6,"1;2;2;2;2;3",6,1,1,"10"
Ambiguous,12,6,"1;1;2;2;3;3",6,1,1,"10"
Ambiguous,12,6,"1;1;2;2;2;4",5,1,1,"10"
Ambiguous,12,6,"1;1;1;1;2;6",5,1,1,"7"
Ambiguous,12,7,"1;1;1;1;2;3;3",5,1,1,"10"
Ambiguous,12,7,"1;1;1;1;1;2;5",12,2,2,"7"
Ambiguous,12,7,"1;1;1;2;2;2;3",4,1,1,"7"
Ambiguous,12,7,"1;1;1;1;2;2;4",3,1,1,"7"
Ambiguous,12,7,"1;1;1;1;1;1;6",2,1,1,"7"
Ambiguous,12,8,"1;1;1;1;1;2;2;3",28,4,4,"7;10"
Ambiguous,12,8,"1;1;1;1;1;1;3;3",2,1,1,"10"
Ambiguous,12,8,"1;1;1;1;1;1;2;4",16,2,2,"7"
Ambiguous,12,8,"1;1;1;1;1;1;1;5",2,1,1,"7"
Ambiguous,12,8,"1;1;1;1;2;2;2;2",8,2,2,"7"
Ambiguous,12,9,"1;1;1;1;1;1;1;2;3",12,3,3,"7"
Ambiguous,12,9,"1;1;1;1;1;1;2;2;2",14,2,2,"7"
Ambiguous,12,9,"1;1;1;1;1;1;1;1;4",2,1,1,"7"
Ambiguous,12,11,"1;1;1;1;1;1;1;1;1;1;2",11,1,1,"7"
Ambiguous,12,12,"1;1;1;1;1;1;1;1;1;1;1;1",2,1,1,"7"
Ambiguous,13,3,"2;3;8",1,1,1,"10"
Ambiguous,13,4,"1;2;2;8",3,1,1,"10"
Ambiguous,13,4,"1;1;3;8",2,1,1,"10"
Ambiguous,13,4,"2;2;3;6",1,1,1,"10"
Ambiguous,13,4,"1;2;3;7",8,1,1,"10"
Ambiguous,13,5,"1;1;2;3;6",4,1,1,"10"
Ambiguous,13,5,"1;2;2;3;5",6,1,1,"10"
Ambiguous,13,5,"1;2;2;2;6",3,1,1,"10"
Ambiguous,13,6,"2;2;2;2;2;3",1,1,1,"10"
Ambiguous,13,6,"1;1;2;2;2;5",6,1,1,"10"
Ambiguous,13,7,"1;1;2;2;2;2;3",10,1,1,"10"
Ambiguous,13,7,"1;2;2;2;2;2;2",3,1,1,"10"
Ambiguous,13,7,"1;1;1;2;2;3;3",4,1,1,"10"
Ambiguous,13,7,"1;1;1;2;2;2;4",14,2,2,"7;10"
Ambiguous,13,7,"1;1;1;1;2;2;5",12,1,1,"10"
Ambiguous,13,7,"1;1;1;1;2;3;4",5,1,1,"7"
Ambiguous,13,8,"1;1;1;1;2;2;2;3",15,2,2,"7;10"
Ambiguous,13,8,"1;1;1;1;1;2;3;3",8,2,2,"7;10"
Ambiguous,13,8,"1;1;1;1;1;2;2;4",9,2,2,"7"
Ambiguous,13,8,"1;1;1;1;1;1;3;4",2,1,1,"7"
Ambiguous,13,9,"1;1;1;1;1;2;2;2;2",3,1,1,"10"
Ambiguous,13,9,"1;1;1;1;1;1;2;2;3",6,1,1,"10"
Ambiguous,13,10,"1;1;1;1;1;1;1;2;2;2",8,1,1,"7"
Ambiguous,13,11,"1;1;1;1;1;1;1;1;1;1;3",11,1,1,"7"
Ambiguous,13,11,"1;1;1;1;1;1;1;1;1;2;2",16,1,1,"7"
Ambiguous,13,12,"1;1;1;1;1;1;1;1;1;1;1;2",7,2,2,"7"
Ambiguous,14,2,"6;8",1,1,1,"4"
Ambiguous,14,3,"1;6;7",8,1,1,"4"
Ambiguous,14,3,"1;5;8",6,1,1,"4"
Ambiguous,14,5,"1;2;3;4;4",2,1,1,"10"
Ambiguous,14,6,"1;1;2;3;3;4",8,1,1,"10"
Ambiguous,14,6,"1;1;2;2;4;4",3,1,1,"10"
Ambiguous,14,6,"1;1;1;3;4;4",2,1,1,"10"
Ambiguous,14,7,"1;1;2;2;2;3;3",3,1,1,"10"
Ambiguous,14,7,"1;1;1;1;1;4;5",6,1,1,"7"
Ambiguous,14,8,"1;1;1;2;2;2;2;3",10,1,1,"10"
Ambiguous,14,8,"1;1;1;1;2;2;3;3",6,1,1,"10"
Ambiguous,14,8,"1;1;1;1;1;1;3;5",4,1,1,"7"
Ambiguous,14,8,"1;1;1;1;1;1;4;4",5,1,1,"7"
Ambiguous,14,9,"1;1;1;1;2;2;2;2;2",3,1,1,"10"
Ambiguous,14,9,"1;1;1;1;1;2;2;2;3",8,1,1,"10"
Ambiguous,14,9,"1;1;1;1;1;1;2;3;3",7,1,1,"7"
Ambiguous,14,10,"1;1;1;1;1;1;1;2;2;3",14,1,1,"7"
Ambiguous,14,10,"1;1;1;1;1;1;1;1;3;3",11,2,2,"7"
Ambiguous,14,11,"1;1;1;1;1;1;1;1;1;2;3",10,2,2,"7"
Ambiguous,14,11,"1;1;1;1;1;1;1;1;2;2;2",12,2,2,"7"
Ambiguous,14,12,"1;1;1;1;1;1;1;1;1;1;2;2",6,1,1,"7"
Ambiguous,15,3,"1;2;12",2,1,1,"4"
Ambiguous,15,4,"1;1;2;11",12,1,1,"4"
Ambiguous,15,4,"1;1;1;12",2,1,1,"4"
Ambiguous,15,6,"2;2;2;3;3;3",4,1,1,"10"
Ambiguous,15,6,"2;2;2;2;3;4",6,1,1,"10"
Ambiguous,15,6,"1;2;2;3;3;4",6,1,1,"10"
Ambiguous,15,9,"1;1;1;1;1;1;2;2;5",7,1,1,"7"
Ambiguous,15,9,"1;1;1;1;2;2;2;2;3",5,1,1,"7"
Ambiguous,15,10,"1;1;1;1;1;1;2;2;2;3",22,2,2,"7"
Ambiguous,15,10,"1;1;1;1;1;1;1;1;2;5",4,1,1,"7"
Ambiguous,15,10,"1;1;1;1;1;1;1;2;2;4",5,1,1,"7"
Ambiguous,15,10,"1;1;1;1;1;2;2;2;2;2",3,1,1,"7"
Ambiguous,15,11,"1;1;1;1;1;1;1;1;2;2;3",12,2,2,"7"
Ambiguous,15,11,"1;1;1;1;1;1;1;2;2;2;2",6,2,2,"7"
Ambiguous,15,12,"1;1;1;1;1;1;1;1;1;1;2;3",11,1,1,"7"
Ambiguous,15,13,"1;1;1;1;1;1;1;1;1;1;1;2;2",15,2,2,"7"
Ambiguous,15,13,"1;1;1;1;1;1;1;1;1;1;1;1;3",2,1,1,"7"
Ambiguous,15,14,"1;1;1;1;1;1;1;1;1;1;1;1;1;2",4,1,1,"7"
Ambiguous,16,2,"6;10",11,1,1,"10"
Ambiguous,16,2,"5;11",6,1,1,"10"
Ambiguous,16,3,"2;2;12",1,1,1,"4"
Ambiguous,16,4,"1;1;2;12",4,1,1,"4"
Ambiguous,16,4,"1;2;2;11",12,1,1,"4"
Ambiguous,16,5,"2;2;2;4;6",1,1,1,"10"
Ambiguous,16,6,"1;2;2;2;4;5",6,1,1,"10"
Ambiguous,16,6,"1;2;2;2;3;6",4,1,1,"10"
Ambiguous,16,6,"1;1;2;2;4;6",6,1,1,"10"
Ambiguous,16,7,"1;1;1;2;2;3;6",4,1,1,"10"
Ambiguous,16,8,"1;1;1;1;2;2;2;6",3,1,1,"10"
Ambiguous,16,8,"1;1;1;1;1;2;3;6",4,1,1,"10"
Ambiguous,16,8,"1;1;1;1;2;2;3;5",6,1,1,"10"
Ambiguous,16,8,"1;1;1;2;2;2;3;4",4,1,1,"7"
Ambiguous,16,9,"1;1;1;2;2;2;2;2;3",8,2,2,"7;10"
Ambiguous,16,9,"1;1;1;1;1;2;2;3;4",6,1,1,"7"
Ambiguous,16,9,"1;1;1;1;2;2;2;3;3",4,1,1,"7"
Ambiguous,16,9,"1;1;1;1;2;2;2;2;4",3,1,1,"7"
Ambiguous,16,10,"1;1;1;1;1;2;2;2;2;3",20,2,2,"7;10"
Ambiguous,16,10,"1;1;1;1;2;2;2;2;2;2",6,2,2,"7;10"
Ambiguous,16,10,"1;1;1;1;1;1;2;2;3;3",7,1,1,"7"
Ambiguous,16,11,"1;1;1;1;1;1;1;2;2;2;3",6,1,1,"7"
Ambiguous,16,11,"1;1;1;1;1;1;1;1;2;3;3",4,1,1,"7"
Ambiguous,16,14,"1;1;1;1;1;1;1;1;1;1;1;1;2;2",13,1,1,"7"
Ambiguous,16,15,"1;1;1;1;1;1;1;1;1;1;1;1;1;1;2",4,1,1,"7"
Ambiguous,17,6,"1;1;1;4;4;6",4,1,1,"4"
Ambiguous,17,7,"1;1;1;1;3;4;6",8,1,1,"4"
Ambiguous,17,7,"1;1;1;1;4;4;5",6,1,1,"4"
Ambiguous,17,7,"1;1;2;2;2;4;5",2,1,1,"7"
Ambiguous,17,8,"1;1;1;2;2;3;3;4",4,1,1,"7"
Ambiguous,17,9,"1;1;1;1;2;2;2;3;4",11,2,2,"7"
Ambiguous,17,9,"1;1;1;1;1;2;3;3;4",4,1,1,"7"
Ambiguous,17,9,"1;1;1;1;2;2;3;3;3",4,1,1,"7"
Ambiguous,17,10,"1;1;1;1;1;1;1;2;3;5",8,1,1,"7"
Ambiguous,17,10,"1;1;1;1;1;1;2;2;3;4",13,2,2,"7"
Ambiguous,17,10,"1;1;1;1;1;2;2;2;3;3",10,1,1,"7"
Ambiguous,17,10,"1;1;1;1;1;2;2;2;2;4",3,1,1,"7"
Ambiguous,17,11,"1;1;1;1;1;1;1;2;2;3;3",18,3,3,"7"
Ambiguous,17,11,"1;1;1;1;1;1;1;1;2;3;4",9,2,2,"7"
Ambiguous,17,11,"1;1;1;1;1;1;1;1;2;2;5",3,1,1,"7"
Ambiguous,17,11,"1;1;1;1;1;1;1;1;1;3;5",2,1,1,"7"
Ambiguous,17,11,"1;1;1;1;1;1;1;2;2;2;4",3,1,1,"7"
Ambiguous,17,11,"1;1;1;1;1;1;2;2;2;2;3",6,1,1,"7"
Ambiguous,17,12,"1;1;1;1;1;1;1;1;2;2;2;3",15,2,2,"7"
Ambiguous,17,12,"1;1;1;1;1;1;1;1;1;2;3;3",14,2,2,"7"
Ambiguous,17,12,"1;1;1;1;1;1;1;2;2;2;2;2",8,1,1,"7"
Ambiguous,17,13,"1;1;1;1;1;1;1;1;1;1;2;2;3",12,2,2,"7"
Ambiguous,17,13,"1;1;1;1;1;1;1;1;1;2;2;2;2",13,2,2,"7"
Ambiguous,17,13,"1;1;1;1;1;1;1;1;1;1;1;3;3",2,1,1,"7"
Ambiguous,18,8,"1;2;2;2;2;3;3;3",2,1,1,"10"
Ambiguous,18,8,"1;1;2;2;2;3;3;4",3,1,1,"10"
Ambiguous,18,8,"1;1;1;2;2;2;4;5",2,1,1,"7"
Ambiguous,18,9,"1;1;1;2;2;2;2;3;4",6,1,1,"10"
Ambiguous,18,9,"1;1;1;2;2;2;3;3;3",12,1,1,"10"
Ambiguous,18,9,"1;1;2;2;2;2;2;3;3",9,1,1,"10"
Ambiguous,18,9,"1;1;1;1;2;2;3;3;4",6,1,1,"10"
Ambiguous,18,9,"1;1;1;1;1;2;2;4;5",6,1,1,"7"
Ambiguous,18,9,"1;1;1;1;2;2;2;4;4",5,1,1,"7"
Ambiguous,18,9,"1;1;1;1;2;2;2;3;5",4,1,1,"7"
Ambiguous,18,12,"1;1;1;1;1;1;1;2;2;2;2;3",8,1,1,"7"
Ambiguous,18,12,"1;1;1;1;1;1;1;1;2;2;2;4",9,1,1,"7"
Ambiguous,18,12,"1;1;1;1;1;1;1;1;1;2;3;4",10,1,1,"7"
Ambiguous,18,13,"1;1;1;1;1;1;1;1;1;2;2;2;3",12,2,2,"7"
Ambiguous,18,13,"1;1;1;1;1;1;1;1;2;2;2;2;2",3,1,1,"7"
Ambiguous,18,13,"1;1;1;1;1;1;1;1;1;1;2;3;3",15,2,2,"7"
Ambiguous,18,13,"1;1;1;1;1;1;1;1;1;1;2;2;4",9,2,2,"7"
Ambiguous,18,13,"1;1;1;1;1;1;1;1;1;1;1;3;4",14,1,1,"7"
Ambiguous,18,14,"1;1;1;1;1;1;1;1;1;1;2;2;2;2",11,1,1,"7"
Ambiguous,18,14,"1;1;1;1;1;1;1;1;1;1;1;2;2;3",6,1,1,"7"
Ambiguous,18,14,"1;1;1;1;1;1;1;1;1;1;1;1;3;3",6,2,2,"7"
Ambiguous,18,14,"1;1;1;1;1;1;1;1;1;1;1;1;2;4",3,1,1,"7"
Ambiguous,18,15,"1;1;1;1;1;1;1;1;1;1;1;1;2;2;2",21,2,2,"7"
Ambiguous,18,16,"1;1;1;1;1;1;1;1;1;1;1;1;1;1;2;2",8,2,2,"7"
Ambiguous,19,6,"1;2;2;4;4;6",2,1,1,"4"
Ambiguous,19,7,"1;2;2;2;3;3;6",2,1,1,"10"
Ambiguous,19,7,"1;1;2;2;4;4;5",6,1,1,"4"
Ambiguous,19,7,"1;1;2;2;3;4;6",8,1,1,"4"
Ambiguous,19,7,"1;1;1;2;4;4;6",4,1,1,"4"
Ambiguous,19,8,"1;1;2;2;2;2;3;6",6,1,1,"10"
Ambiguous,19,8,"1;1;2;2;2;3;3;5",6,1,1,"10"
Ambiguous,19,8,"1;1;1;2;2;3;3;6",6,1,1,"10"
Ambiguous,19,11,"1;1;1;1;1;1;1;2;2;2;6",2,1,1,"7"
Ambiguous,19,13,"1;1;1;1;1;1;1;1;2;2;2;2;3",9,1,1,"7"
Ambiguous,19,14,"1;1;1;1;1;1;1;1;1;1;2;2;2;3",8,1,1,"7"
Ambiguous,19,14,"1;1;1;1;1;1;1;1;1;2;2;2;2;2",3,1,1,"7"
Ambiguous,19,16,"1;1;1;1;1;1;1;1;1;1;1;1;1;2;2;2",4,2,2,"7"
Ambiguous,20,8,"1;1;2;2;2;3;4;5",3,1,1,"10"
Ambiguous,20,8,"1;1;1;1;2;3;3;8",5,1,1,"7"
Ambiguous,20,9,"1;1;1;2;2;2;3;4;4",5,1,1,"10"
Ambiguous,20,9,"1;1;1;2;2;2;3;3;5",4,1,1,"10"
Ambiguous,20,9,"1;1;1;2;2;2;2;4;5",3,1,1,"10"
Ambiguous,20,9,"1;1;1;1;2;2;3;4;5",6,1,1,"10"
Ambiguous,20,9,"1;1;1;1;1;2;2;3;8",6,1,1,"7"
Ambiguous,20,9,"1;1;1;1;1;2;3;3;7",8,1,1,"7"
Ambiguous,20,9,"1;1;1;1;1;1;3;3;8",2,1,1,"7"
Ambiguous,20,10,"1;1;1;1;1;2;2;3;3;5",6,1,1,"7"
Ambiguous,20,11,"1;1;1;1;1;1;2;2;2;3;5",6,1,1,"7"
Ambiguous,20,11,"1;1;1;1;1;1;1;2;3;3;5",4,1,1,"7"
Ambiguous,20,11,"1;1;1;1;1;1;2;2;3;3;4",5,1,1,"7"
Ambiguous,20,12,"1;1;1;1;1;1;1;2;2;3;3;3",8,1,1,"7"
Ambiguous,20,12,"1;1;1;1;1;1;1;1;2;2;2;6",7,1,1,"7"
Ambiguous,20,13,"1;1;1;1;1;1;1;1;1;2;2;3;4",10,1,1,"7"
Ambiguous,20,13,"1;1;1;1;1;1;1;1;1;2;3;3;3",4,1,1,"7"
Ambiguous,20,13,"1;1;1;1;1;1;1;1;2;2;2;3;3",9,1,1,"7"
Ambiguous,20,13,"1;1;1;1;1;1;1;1;1;1;2;2;6",6,1,1,"7"
Ambiguous,20,13,"1;1;1;1;1;1;1;1;1;2;2;2;5",6,1,1,"7"
Ambiguous,20,14,"1;1;1;1;1;1;1;1;1;1;1;2;3;4",4,1,1,"7"
Ambiguous,20,14,"1;1;1;1;1;1;1;1;1;1;2;2;3;3",4,1,1,"7"
Ambiguous,20,14,"1;1;1;1;1;1;1;1;1;1;2;2;2;4",3,1,1,"7"
Ambiguous,20,15,"1;1;1;1;1;1;1;1;1;1;1;1;2;2;4",13,1,1,"7"
Ambiguous,20,16,"1;1;1;1;1;1;1;1;1;1;1;1;1;1;2;4",4,1,1,"7"
Ambiguous,20,17,"1;1;1;1;1;1;1;1;1;1;1;1;1;1;2;2;2",13,1,1,"7"
Ambiguous,20,18,"1;1;1;1;1;1;1;1;1;1;1;1;1;1;1;1;2;2",6,1,1,"7"
Ambiguous,21,8,"1;1;2;2;2;4;4;5",3,1,1,"10"
Ambiguous,21,9,"1;1;1;2;2;2;3;4;5",8,1,1,"10"
Ambiguous,21,9,"1;1;1;1;2;2;4;4;5",6,1,1,"10"
Ambiguous,21,9,"1;1;1;2;2;2;4;4;4",5,1,1,"10"
Ambiguous,21,9,"1;1;1;1;2;2;3;4;6",5,1,1,"7"
Ambiguous,21,10,"1;1;1;1;1;2;2;3;4;5",6,1,1,"7"
Ambiguous,21,10,"1;1;1;1;1;1;2;3;4;6",4,1,1,"7"
Ambiguous,21,10,"1;1;1;1;1;2;2;2;4;6",3,1,1,"7"
Ambiguous,21,10,"1;1;1;1;1;2;2;3;3;6",4,1,1,"7"
Ambiguous,21,12,"1;1;1;1;1;1;1;1;1;2;4;6",10,1,1,"7"
Ambiguous,21,13,"1;1;1;1;1;1;1;1;2;2;2;2;5",9,1,1,"7"
Ambiguous,21,13,"1;1;1;1;1;1;1;1;1;1;2;4;5",6,1,1,"7"
Ambiguous,21,13,"1;1;1;1;1;1;1;1;1;1;1;4;6",2,1,1,"7"
Ambiguous,21,13,"1;1;1;1;1;1;1;1;1;1;2;3;6",4,1,1,"7"
Ambiguous,21,14,"1;1;1;1;1;1;1;1;1;1;2;2;2;5",8,1,1,"7"
Ambiguous,21,14,"1;1;1;1;1;1;1;1;1;2;2;2;2;4",5,1,1,"7"
Ambiguous,21,17,"1;1;1;1;1;1;1;1;1;1;1;1;1;2;2;2;2",14,1,1,"7"
Ambiguous,21,18,"1;1;1;1;1;1;1;1;1;1;1;1;1;1;1;2;2;2",8,1,1,"7"
Ambiguous,22,6,"1;2;3;4;6;6",2,1,1,"10"
Ambiguous,22,7,"1;1;2;3;4;5;6",12,1,1,"10"
Ambiguous,22,7,"1;1;2;3;3;6;6",4,1,1,"10"
Ambiguous,22,7,"1;1;1;3;4;6;6",2,1,1,"10"
Ambiguous,22,7,"1;1;2;2;4;6;6",3,1,1,"10"
Ambiguous,22,11,"1;1;1;1;1;1;1;2;3;4;6",8,1,1,"7"
Ambiguous,22,11,"1;1;1;1;1;1;2;2;2;4;6",7,1,1,"7"
Ambiguous,22,11,"1;1;1;1;2;2;2;2;3;3;4",5,1,1,"7"
Ambiguous,22,12,"1;1;1;1;1;1;2;2;3;3;3;3",7,1,1,"7"
Ambiguous,22,12,"1;1;1;1;1;1;2;2;2;2;2;6",7,1,1,"7"
Ambiguous,22,12,"1;1;1;1;1;1;1;1;2;2;4;6",9,1,1,"7"
Ambiguous,22,12,"1;1;1;1;1;1;1;1;2;3;4;5",6,1,1,"7"
Ambiguous,22,12,"1;1;1;1;1;1;2;2;2;3;3;4",8,1,1,"7"
Ambiguous,22,12,"1;1;1;1;1;2;2;2;2;3;3;3",4,1,1,"7"
Ambiguous,22,12,"1;1;1;1;1;1;1;2;2;2;4;5",6,1,1,"7"
Ambiguous,22,12,"1;1;1;1;1;2;2;2;2;2;3;4",6,1,1,"7"
Ambiguous,22,12,"1;1;1;1;1;1;1;2;2;2;3;6",4,1,1,"7"
Ambiguous,22,12,"1;1;1;1;1;1;1;1;2;3;3;6",4,1,1,"7"
Ambiguous,22,12,"1;1;1;1;1;1;1;1;1;3;4;6",2,1,1,"7"
Ambiguous,22,13,"1;1;1;1;1;1;1;1;2;3;3;3;3",4,1,1,"7"
Ambiguous,22,13,"1;1;1;1;1;1;1;2;2;2;2;2;5",6,1,1,"7"
Ambiguous,22,13,"1;1;1;1;1;1;1;1;2;2;2;2;6",10,1,1,"7"
Ambiguous,22,13,"1;1;1;1;1;1;1;2;2;2;3;3;3",12,1,1,"7"
Ambiguous,22,14,"1;1;1;1;1;1;1;1;2;2;2;2;3;3",9,1,1,"7"
Ambiguous,22,15,"1;1;1;1;1;1;1;1;1;2;2;2;2;2;3",6,1,1,"7"
Ambiguous,22,15,"1;1;1;1;1;1;1;1;1;1;2;2;2;3;3",8,1,1,"7"
Ambiguous,23,12,"1;1;2;2;2;2;2;2;2;2;2;3",3,1,1,"10"
Ambiguous,23,12,"1;1;1;1;1;1;1;1;1;2;5;7",10,1,1,"7"
Ambiguous,23,13,"1;1;1;1;2;2;2;2;2;2;2;2;3",18,1,1,"10"
Ambiguous,23,13,"1;1;1;2;2;2;2;2;2;2;2;2;2",3,1,1,"10"
Ambiguous,23,13,"1;1;1;1;1;1;1;1;1;1;2;5;6",7,1,1,"7"
Ambiguous,23,13,"1;1;1;1;1;1;1;1;1;1;2;4;7",5,1,1,"7"
Ambiguous,23,13,"1;1;1;1;1;1;1;1;1;1;1;5;7",2,1,1,"7"
Ambiguous,23,13,"1;1;1;1;1;1;1;1;1;2;3;3;6",10,1,1,"7"
Ambiguous,23,14,"1;1;1;1;1;1;1;1;1;1;1;3;3;6",2,1,1,"7"
Ambiguous,23,14,"1;1;1;1;1;1;1;1;1;1;2;2;3;6",6,1,1,"7"
Ambiguous,23,14,"1;1;1;1;1;1;1;1;1;1;2;3;3;5",6,1,1,"7"
Ambiguous,24,2,"3;21",22,1,1,"4"
Ambiguous,24,2,"2;22",3,1,1,"4"
Ambiguous,24,3,"5;9;10",26,1,1,"4"
Ambiguous,24,3,"4;10;10",5,1,1,"4"
Ambiguous,24,3,"6;8;10",9,1,1,"4"
Ambiguous,24,3,"6;9;9",10,1,1,"4"
Ambiguous,24,9,"1;1;2;2;3;3;3;4;5",3,1,1,"10"
Ambiguous,24,10,"1;1;1;2;2;2;3;3;4;5",9,1,1,"10"
Ambiguous,24,10,"1;1;1;1;2;3;3;3;4;5",4,1,1,"10"
Ambiguous,24,10,"1;1;1;2;2;3;3;3;3;5",4,1,1,"10"
Ambiguous,24,10,"1;1;1;2;2;3;3;3;4;4",5,1,1,"10"
Ambiguous,24,14,"1;1;1;1;1;1;2;2;2;2;2;2;3;3",7,1,1,"7"
Ambiguous,24,15,"1;1;1;1;1;1;1;2;2;2;2;2;2;2;3",6,1,1,"7"
Ambiguous,24,15,"1;1;1;1;1;1;1;1;2;2;2;2;2;3;3",12,1,1,"7"
Ambiguous,24,20,"1;1;1;1;1;1;1;1;1;1;1;1;1;1;1;1;1;1;3;3",19,1,1,"7"
Ambiguous,24,21,"1;1;1;1;1;1;1;1;1;1;1;1;1;1;1;1;1;1;1;2;3",6,1,1,"7"
Ambiguous,25,2,"3;22",23,1,1,"4"
Ambiguous,25,2,"2;23",3,1,1,"4"
Ambiguous,26,10,"1;1;1;1;1;1;2;3;5;10",7,1,1,"10"
Ambiguous,26,11,"1;1;1;1;1;1;1;1;3;5;10",2,1,1,"10"
Ambiguous,26,11,"1;1;1;1;1;1;1;2;3;4;10",5,1,1,"10"
Ambiguous,26,11,"1;1;1;1;1;1;1;2;3;5;9",10,1,1,"10"
Ambiguous,26,11,"1;1;1;1;1;1;1;2;2;5;10",3,1,1,"10"
Ambiguous,26,14,"1;1;1;1;1;1;2;2;2;2;3;3;3;3",7,1,1,"10"
Ambiguous,26,14,"1;1;1;1;1;1;2;2;2;2;2;3;3;4",7,1,1,"7"
Ambiguous,26,15,"1;1;1;1;1;1;1;2;2;2;2;2;3;3;3",16,2,2,"7;10"
Ambiguous,26,15,"1;1;1;1;1;1;1;1;2;2;2;3;3;3;3",8,1,1,"10"
Ambiguous,26,15,"1;1;1;1;1;1;1;1;2;2;2;2;3;3;4",10,1,1,"7"
Ambiguous,26,15,"1;1;1;1;1;1;1;2;2;2;2;2;2;3;4",6,1,1,"7"
Ambiguous,27,8,"1;1;1;2;3;3;5;11",4,1,1,"10"
Ambiguous,27,9,"1;1;1;1;2;2;3;5;11",6,1,1,"10"
Ambiguous,27,9,"1;1;1;1;2;3;3;4;11",5,1,1,"10"
Ambiguous,27,9,"1;1;1;1;2;3;3;5;10",11,1,1,"10"
Ambiguous,27,9,"1;1;1;1;1;3;3;5;11",2,1,1,"10"
Ambiguous,28,9,"1;1;2;2;3;3;4;5;7",3,1,1,"10"
Ambiguous,28,10,"1;1;1;2;2;3;3;4;4;7",5,1,1,"10"
Ambiguous,28,10,"1;1;1;2;2;3;3;4;5;6",7,1,1,"10"
Ambiguous,28,10,"1;1;1;1;2;3;3;4;5;7",4,1,1,"10"
Ambiguous,28,10,"1;1;1;2;2;3;3;3;5;7",4,1,1,"10"
Ambiguous,28,10,"1;1;1;2;2;2;3;4;5;7",6,1,1,"10"
Ambiguous,28,12,"1;1;1;1;2;2;2;3;3;3;4;5",5,1,1,"10"
Ambiguous,28,13,"1;1;1;1;1;2;2;2;2;3;3;4;5",9,1,1,"10"
Ambiguous,28,13,"1;1;1;1;1;2;2;2;3;3;3;3;5",4,1,1,"10"
Ambiguous,28,13,"1;1;1;1;1;2;2;2;3;3;3;4;4",5,1,1,"10"
Ambiguous,28,13,"1;1;1;1;1;1;2;2;3;3;3;4;5",6,1,1,"10"
Ambiguous,28,15,"1;1;1;1;1;1;1;2;2;2;2;3;3;3;4",8,1,1,"7"
Ambiguous,28,16,"1;1;1;1;1;1;1;1;1;2;2;2;3;3;3;4",8,1,1,"7"
Ambiguous,28,16,"1;1;1;1;1;1;1;1;2;2;2;2;2;3;3;4",9,1,1,"7"
Ambiguous,28,16,"1;1;1;1;1;1;1;1;2;2;2;2;3;3;3;3",4,1,1,"7"
Ambiguous,32,12,"1;1;1;2;2;2;2;2;3;3;5;8",4,1,1,"10"
Ambiguous,32,13,"1;1;1;1;2;2;2;2;2;3;3;4;8",5,1,1,"10"
Ambiguous,32,13,"1;1;1;1;1;2;2;2;2;3;3;5;8",10,1,1,"10"
Ambiguous,32,13,"1;1;1;1;2;2;2;2;2;2;3;5;8",6,1,1,"10"
Ambiguous,32,13,"1;1;1;1;2;2;2;2;2;3;3;5;7",8,1,1,"10"
Ambiguous,34,12,"1;1;1;2;2;2;2;3;3;5;6;6",4,1,1,"10"
Ambiguous,34,13,"1;1;1;1;2;2;2;2;3;3;4;6;6",5,1,1,"10"
Ambiguous,34,13,"1;1;1;1;2;2;2;2;3;3;5;5;6",12,1,1,"10"
Ambiguous,34,13,"1;1;1;1;1;2;2;2;3;3;5;6;6",8,1,1,"10"
Ambiguous,34,13,"1;1;1;1;2;2;2;2;2;3;5;6;6",6,1,1,"10"
Ambiguous,35,18,"1;1;1;1;1;1;1;2;2;2;2;2;2;3;3;3;3;4",8,1,1,"7"
Ambiguous,35,19,"1;1;1;1;1;1;1;1;1;2;2;2;2;2;3;3;3;3;4",12,1,1,"7"
Ambiguous,35,19,"1;1;1;1;1;1;1;1;2;2;2;2;2;2;2;3;3;3;4",12,1,1,"7"
Ambiguous,35,19,"1;1;1;1;1;1;1;1;2;2;2;2;2;2;3;3;3;3;3",4,1,1,"7"
Ambiguous,36,17,"1;1;1;1;1;1;1;2;2;2;2;2;3;3;3;4;6",8,1,1,"7"
Ambiguous,36,18,"1;1;1;1;1;1;1;1;2;2;2;2;2;3;3;3;3;6",4,1,1,"7"
Ambiguous,36,18,"1;1;1;1;1;1;1;1;2;2;2;2;2;3;3;3;4;5",6,1,1,"7"
Ambiguous,36,18,"1;1;1;1;1;1;1;1;2;2;2;2;2;2;3;3;4;6",9,1,1,"7"
Ambiguous,36,18,"1;1;1;1;1;1;1;1;1;2;2;2;2;3;3;3;4;6",10,1,1,"7"
Ambiguous,39,18,"1;1;1;1;1;1;2;2;2;2;2;2;2;2;3;3;4;7",7,1,1,"7"
Ambiguous,39,19,"1;1;1;1;1;1;1;2;2;2;2;2;2;2;2;2;3;4;7",6,1,1,"7"
Ambiguous,39,19,"1;1;1;1;1;1;1;1;2;2;2;2;2;2;2;3;3;4;7",16,1,1,"7"
Ambiguous,39,19,"1;1;1;1;1;1;1;2;2;2;2;2;2;2;2;3;3;3;7",4,1,1,"7"
Ambiguous,39,19,"1;1;1;1;1;1;1;2;2;2;2;2;2;2;2;3;3;4;6",7,1,1,"7"
Ambiguous,45,18,"1;1;1;1;1;1;1;1;1;2;2;3;3;3;4;5;6;8",10,1,1,"7"
Ambiguous,45,19,"1;1;1;1;1;1;1;1;1;1;2;2;3;3;3;3;5;6;8",4,1,1,"7"
Ambiguous,45,19,"1;1;1;1;1;1;1;1;1;1;2;2;3;3;3;4;5;6;7",8,1,1,"7"
Ambiguous,45,19,"1;1;1;1;1;1;1;1;1;1;2;2;2;3;3;4;5;6;8",9,1,1,"7"
Ambiguous,45,19,"1;1;1;1;1;1;1;1;1;1;2;2;3;3;3;4;4;6;8",5,1,1,"7"
Ambiguous,45,19,"1;1;1;1;1;1;1;1;1;1;2;2;3;3;3;4;5;5;8",6,1,1,"7"
Ambiguous,45,19,"1;1;1;1;1;1;1;1;1;1;1;2;3;3;3;4;5;6;8",4,1,1,"7"
Ambiguous,53,4,"1;6;23;23",2,1,1,"4"
Ambiguous,53,5,"1;1;6;22;23",46,1,1,"4"
Ambiguous,53,5,"1;1;5;23;23",6,1,1,"4"
Ambiguous,57,4,"2;6;22;27",1,1,1,"4"
Ambiguous,57,5,"1;1;6;22;27",2,1,1,"4"
Ambiguous,57,5,"1;2;6;22;26",27,1,1,"4"
Ambiguous,57,5,"1;2;6;21;27",22,1,1,"4"
Ambiguous,57,5,"1;2;5;22;27",6,1,1,"4"
Ambiguous,67,3,"8;29;30",1,1,1,"4"
Ambiguous,67,4,"1;7;29;30",8,1,1,"4"
Ambiguous,67,4,"1;8;28;30",29,1,1,"4"
Ambiguous,67,4,"1;8;29;29",30,1,1,"4"
Ambiguous,68,3,"11;28;29",1,1,1,"4"
Ambiguous,68,4,"1;10;28;29",11,1,1,"4"
Ambiguous,68,4,"1;11;27;29",28,1,1,"4"
Ambiguous,68,4,"1;11;28;28",29,1,1,"4"
Ambiguous,70,5,"1;2;5;29;33",2,1,1,"4"
Ambiguous,70,6,"1;1;1;5;29;33",2,1,1,"4"
Ambiguous,70,6,"1;1;2;5;28;33",29,1,1,"4"
Ambiguous,70,6,"1;1;2;5;29;32",33,1,1,"4"
Ambiguous,70,6,"1;1;2;4;29;33",5,1,1,"4"
Ambiguous,73,6,"1;2;4;6;26;34",2,1,1,"4"
Ambiguous,73,7,"1;1;2;3;6;26;34",4,1,1,"4"
Ambiguous,73,7,"1;1;1;4;6;26;34",2,1,1,"4"
Ambiguous,73,7,"1;1;2;4;6;25;34",26,1,1,"4"
Ambiguous,73,7,"1;1;2;4;6;26;33",34,1,1,"4"
Ambiguous,73,7,"1;1;2;4;5;26;34",6,1,1,"4"
Ambiguous,97,5,"1;1;21;34;40",3,1,1,"4"
Ambiguous,97,6,"1;1;1;20;34;40",21,1,1,"4"
Ambiguous,97,6,"1;1;1;21;34;39",40,1,1,"4"
Ambiguous,97,6,"1;1;1;21;33;40",34,1,1,"4"
Ambiguous,102,5,"1;1;22;36;42",3,1,1,"4"
Ambiguous,102,6,"1;1;1;21;36;42",22,1,1,"4"
Ambiguous,102,6,"1;1;1;22;36;41",42,1,1,"4"
Ambiguous,102,6,"1;1;1;22;35;42",36,1,1,"4"
Ambiguous,122,4,"1;13;54;54",2,1,1,"4"
Ambiguous,122,5,"1;1;12;54;54",13,1,1,"4"
Ambiguous,122,5,"1;1;14;49;57",3,1,1,"4"
Ambiguous,122,5,"1;1;13;53;54",108,1,1,"4"
Ambiguous,122,6,"1;1;1;13;49;57",14,1,1,"4"
Ambiguous,122,6,"1;1;1;14;49;56",57,1,1,"4"
Ambiguous,122,6,"1;1;1;14;48;57",49,1,1,"4"
Ambiguous,123,3,"16;50;57",1,1,1,"4"
Ambiguous,123,4,"1;15;50;57",16,1,1,"4"
Ambiguous,123,4,"1;16;49;57",50,1,1,"4"
Ambiguous,123,4,"1;16;50;56",57,1,1,"4"
Ambiguous,126,4,"2;17;48;59",1,1,1,"4"
Ambiguous,126,5,"1;2;16;48;59",17,1,1,"4"
Ambiguous,126,5,"1;1;17;48;59",2,1,1,"4"
Ambiguous,126,5,"1;2;17;47;59",48,1,1,"4"
Ambiguous,126,5,"1;2;17;48;58",59,1,1,"4"
Mismatch,1,1,"1",1251,11,11,"4;7;10"
Mismatch,2,1,"2",156,10,10,"4;7;10"
Mismatch,3,1,"3",27,10,10,"4;7;10"
Mismatch,4,1,"4",11,6,6,"4;7;10"
Mismatch,5,1,"5",5,4,4,"4;7"
Mismatch,7,1,"7",1,1,1,"4"
NoContext,0,0,"",16224,11,11,"4;7;10"
