scope,family_key,is_target_candidate,view,resolutions
family,"-45 | MIDORIGO QUEEN BEE | ITZBENJA616",no,ReducedHeld,10
family,"-45 | MIDORIGO QUEEN BEE | ITZBENJA616",no,ReducedHeldPrevNext,178
family,"-45 | MIDORIGO QUEEN BEE | ITZBENJA616",no,ReducedNext,356
family,"-45 | MIDORIGO QUEEN BEE | ITZBENJA616",no,ReducedNextTransition,392
family,"-45 | MIDORIGO QUEEN BEE | ITZBENJA616",no,ReducedPrevious,308
family,"-45 | MIDORIGO QUEEN BEE | ITZBENJA616",no,ReducedPreviousTransition,351
family,"-45 | MIDORIGO QUEEN BEE | ITZBENJA616",no,ReducedPrevNext,178
family,"-45 | MIDORIGO QUEEN BEE | ITZBENJA616",yes,ReducedHeld,16
family,"-45 | MIDORIGO QUEEN BEE | ITZBENJA616",yes,ReducedHeldPrevNext,1220
family,"-45 | MIDORIGO QUEEN BEE | ITZBENJA616",yes,ReducedNext,706
family,"-45 | MIDORIGO QUEEN BEE | ITZBENJA616",yes,ReducedNextTransition,751
family,"-45 | MIDORIGO QUEEN BEE | ITZBENJA616",yes,ReducedPrevious,817
family,"-45 | MIDORIGO QUEEN BEE | ITZBENJA616",yes,ReducedPreviousTransition,831
family,"-45 | MIDORIGO QUEEN BEE | ITZBENJA616",yes,ReducedPrevNext,1220
family,"A-ONE | SIDE BY SIDE | KURISU MAKISE",no,ReducedHeld,38
family,"A-ONE | SIDE BY SIDE | KURISU MAKISE",no,ReducedHeldPrevNext,73
family,"A-ONE | SIDE BY SIDE | KURISU MAKISE",no,ReducedNext,141
family,"A-ONE | SIDE BY SIDE | KURISU MAKISE",no,ReducedNextTransition,181
family,"A-ONE | SIDE BY SIDE | KURISU MAKISE",no,ReducedPrevious,106
family,"A-ONE | SIDE BY SIDE | KURISU MAKISE",no,ReducedPreviousTransition,158
family,"A-ONE | SIDE BY SIDE | KURISU MAKISE",no,ReducedPrevNext,73
family,"A-ONE | SIDE BY SIDE | KURISU MAKISE",yes,ReducedHeld,117
family,"A-ONE | SIDE BY SIDE | KURISU MAKISE",yes,ReducedHeldPrevNext,974
family,"A-ONE | SIDE BY SIDE | KURISU MAKISE",yes,ReducedNext,846
family,"A-ONE | SIDE BY SIDE | KURISU MAKISE",yes,ReducedNextTransition,918
family,"A-ONE | SIDE BY SIDE | KURISU MAKISE",yes,ReducedPrevious,855
family,"A-ONE | SIDE BY SIDE | KURISU MAKISE",yes,ReducedPreviousTransition,977
family,"A-ONE | SIDE BY SIDE | KURISU MAKISE",yes,ReducedPrevNext,974
family,"AKATSUKI RECORDS | MIZUIRO RAINDROP | [GB]V1DO",no,ReducedHeldPrevNext,36
family,"AKATSUKI RECORDS | MIZUIRO RAINDROP | [GB]V1DO",no,ReducedNext,27
family,"AKATSUKI RECORDS | MIZUIRO RAINDROP | [GB]V1DO",no,ReducedNextTransition,99
family,"AKATSUKI RECORDS | MIZUIRO RAINDROP | [GB]V1DO",no,ReducedPrevious,22
family,"AKATSUKI RECORDS | MIZUIRO RAINDROP | [GB]V1DO",no,ReducedPreviousTransition,102
family,"AKATSUKI RECORDS | MIZUIRO RAINDROP | [GB]V1DO",no,ReducedPrevNext,36
family,"AKATSUKI RECORDS | MIZUIRO RAINDROP | [GB]V1DO",yes,ReducedHeld,36
family,"AKATSUKI RECORDS | MIZUIRO RAINDROP | [GB]V1DO",yes,ReducedHeldPrevNext,235
family,"AKATSUKI RECORDS | MIZUIRO RAINDROP | [GB]V1DO",yes,ReducedNext,126
family,"AKATSUKI RECORDS | MIZUIRO RAINDROP | [GB]V1DO",yes,ReducedNextTransition,276
family,"AKATSUKI RECORDS | MIZUIRO RAINDROP | [GB]V1DO",yes,ReducedPrevious,126
family,"AKATSUKI RECORDS | MIZUIRO RAINDROP | [GB]V1DO",yes,ReducedPreviousTransition,258
family,"AKATSUKI RECORDS | MIZUIRO RAINDROP | [GB]V1DO",yes,ReducedPrevNext,235
family,"BUTAOTOME | HAKANAKI MONO NINGEN | YUEAST 2018",no,ReducedHeld,13
family,"BUTAOTOME | HAKANAKI MONO NINGEN | YUEAST 2018",no,ReducedHeldPrevNext,11
family,"BUTAOTOME | HAKANAKI MONO NINGEN | YUEAST 2018",no,ReducedNext,54
family,"BUTAOTOME | HAKANAKI MONO NINGEN | YUEAST 2018",no,ReducedNextTransition,58
family,"BUTAOTOME | HAKANAKI MONO NINGEN | YUEAST 2018",no,ReducedPrevious,75
family,"BUTAOTOME | HAKANAKI MONO NINGEN | YUEAST 2018",no,ReducedPreviousTransition,84
family,"BUTAOTOME | HAKANAKI MONO NINGEN | YUEAST 2018",no,ReducedPrevNext,31
family,"BUTAOTOME | HAKANAKI MONO NINGEN | YUEAST 2018",yes,ReducedHeld,345
family,"BUTAOTOME | HAKANAKI MONO NINGEN | YUEAST 2018",yes,ReducedHeldPrevNext,811
family,"BUTAOTOME | HAKANAKI MONO NINGEN | YUEAST 2018",yes,ReducedNext,427
family,"BUTAOTOME | HAKANAKI MONO NINGEN | YUEAST 2018",yes,ReducedNextTransition,561
family,"BUTAOTOME | HAKANAKI MONO NINGEN | YUEAST 2018",yes,ReducedPrevious,415
family,"BUTAOTOME | HAKANAKI MONO NINGEN | YUEAST 2018",yes,ReducedPreviousTransition,570
family,"BUTAOTOME | HAKANAKI MONO NINGEN | YUEAST 2018",yes,ReducedPrevNext,822
family,"KIKUO | KARA KARA KARA NO KARA | XNETT",no,ReducedHeld,803
family,"KIKUO | KARA KARA KARA NO KARA | XNETT",no,ReducedHeldPrevNext,23
family,"KIKUO | KARA KARA KARA NO KARA | XNETT",no,ReducedNext,861
family,"KIKUO | KARA KARA KARA NO KARA | XNETT",no,ReducedNextTransition,368
family,"KIKUO | KARA KARA KARA NO KARA | XNETT",no,ReducedPrevious,943
family,"KIKUO | KARA KARA KARA NO KARA | XNETT",no,ReducedPreviousTransition,385
family,"KIKUO | KARA KARA KARA NO KARA | XNETT",no,ReducedPrevNext,69
family,"KIKUO | KARA KARA KARA NO KARA | XNETT",yes,ReducedHeld,1115
family,"KIKUO | KARA KARA KARA NO KARA | XNETT",yes,ReducedHeldPrevNext,328
family,"KIKUO | KARA KARA KARA NO KARA | XNETT",yes,ReducedNext,1161
family,"KIKUO | KARA KARA KARA NO KARA | XNETT",yes,ReducedNextTransition,873
family,"KIKUO | KARA KARA KARA NO KARA | XNETT",yes,ReducedPrevious,1158
family,"KIKUO | KARA KARA KARA NO KARA | XNETT",yes,ReducedPreviousTransition,830
family,"KIKUO | KARA KARA KARA NO KARA | XNETT",yes,ReducedPrevNext,405
family,"MORO | HOLY BITCH | ITZBENJA616",no,ReducedHeld,18
family,"MORO | HOLY BITCH | ITZBENJA616",no,ReducedHeldPrevNext,389
family,"MORO | HOLY BITCH | ITZBENJA616",no,ReducedNext,508
family,"MORO | HOLY BITCH | ITZBENJA616",no,ReducedNextTransition,758
family,"MORO | HOLY BITCH | ITZBENJA616",no,ReducedPrevious,577
family,"MORO | HOLY BITCH | ITZBENJA616",no,ReducedPreviousTransition,757
family,"MORO | HOLY BITCH | ITZBENJA616",no,ReducedPrevNext,389
family,"MORO | HOLY BITCH | ITZBENJA616",yes,ReducedHeldPrevNext,1022
family,"MORO | HOLY BITCH | ITZBENJA616",yes,ReducedNext,760
family,"MORO | HOLY BITCH | ITZBENJA616",yes,ReducedNextTransition,734
family,"MORO | HOLY BITCH | ITZBENJA616",yes,ReducedPrevious,730
family,"MORO | HOLY BITCH | ITZBENJA616",yes,ReducedPreviousTransition,866
family,"MORO | HOLY BITCH | ITZBENJA616",yes,ReducedPrevNext,1022
family,"NJK RECORD FEAT. 3L | SPRING OF DREAMS | ITZBENJA616",no,ReducedHeld,474
family,"NJK RECORD FEAT. 3L | SPRING OF DREAMS | ITZBENJA616",no,ReducedHeldPrevNext,8
family,"NJK RECORD FEAT. 3L | SPRING OF DREAMS | ITZBENJA616",no,ReducedNext,430
family,"NJK RECORD FEAT. 3L | SPRING OF DREAMS | ITZBENJA616",no,ReducedNextTransition,395
family,"NJK RECORD FEAT. 3L | SPRING OF DREAMS | ITZBENJA616",no,ReducedPrevious,377
family,"NJK RECORD FEAT. 3L | SPRING OF DREAMS | ITZBENJA616",no,ReducedPreviousTransition,315
family,"NJK RECORD FEAT. 3L | SPRING OF DREAMS | ITZBENJA616",no,ReducedPrevNext,107
family,"NJK RECORD FEAT. 3L | SPRING OF DREAMS | ITZBENJA616",yes,ReducedHeld,800
family,"NJK RECORD FEAT. 3L | SPRING OF DREAMS | ITZBENJA616",yes,ReducedHeldPrevNext,74
family,"NJK RECORD FEAT. 3L | SPRING OF DREAMS | ITZBENJA616",yes,ReducedNext,173
family,"NJK RECORD FEAT. 3L | SPRING OF DREAMS | ITZBENJA616",yes,ReducedNextTransition,190
family,"NJK RECORD FEAT. 3L | SPRING OF DREAMS | ITZBENJA616",yes,ReducedPrevious,173
family,"NJK RECORD FEAT. 3L | SPRING OF DREAMS | ITZBENJA616",yes,ReducedPreviousTransition,187
family,"NJK RECORD FEAT. 3L | SPRING OF DREAMS | ITZBENJA616",yes,ReducedPrevNext,123
family,"NMK&WATHUE | CELESTIAL AXES | WONKI",no,ReducedHeld,34
family,"NMK&WATHUE | CELESTIAL AXES | WONKI",no,ReducedHeldPrevNext,80
family,"NMK&WATHUE | CELESTIAL AXES | WONKI",no,ReducedNext,246
family,"NMK&WATHUE | CELESTIAL AXES | WONKI",no,ReducedNextTransition,232
family,"NMK&WATHUE | CELESTIAL AXES | WONKI",no,ReducedPrevious,280
family,"NMK&WATHUE | CELESTIAL AXES | WONKI",no,ReducedPreviousTransition,238
family,"NMK&WATHUE | CELESTIAL AXES | WONKI",no,ReducedPrevNext,99
family,"NMK&WATHUE | CELESTIAL AXES | WONKI",yes,ReducedHeld,73
family,"NMK&WATHUE | CELESTIAL AXES | WONKI",yes,ReducedHeldPrevNext,192
family,"NMK&WATHUE | CELESTIAL AXES | WONKI",yes,ReducedNext,647
family,"NMK&WATHUE | CELESTIAL AXES | WONKI",yes,ReducedNextTransition,530
family,"NMK&WATHUE | CELESTIAL AXES | WONKI",yes,ReducedPrevious,672
family,"NMK&WATHUE | CELESTIAL AXES | WONKI",yes,ReducedPreviousTransition,539
family,"NMK&WATHUE | CELESTIAL AXES | WONKI",yes,ReducedPrevNext,190
family,"NOWISEE | KO INU | RUKA",no,ReducedHeld,665
family,"NOWISEE | KO INU | RUKA",no,ReducedHeldPrevNext,2
family,"NOWISEE | KO INU | RUKA",no,ReducedNext,563
family,"NOWISEE | KO INU | RUKA",no,ReducedNextTransition,320
family,"NOWISEE | KO INU | RUKA",no,ReducedPrevious,623
family,"NOWISEE | KO INU | RUKA",no,ReducedPreviousTransition,324
family,"NOWISEE | KO INU | RUKA",no,ReducedPrevNext,28
family,"NOWISEE | KO INU | RUKA",yes,ReducedHeld,855
family,"NOWISEE | KO INU | RUKA",yes,ReducedHeldPrevNext,140
family,"NOWISEE | KO INU | RUKA",yes,ReducedNext,682
family,"NOWISEE | KO INU | RUKA",yes,ReducedNextTransition,348
family,"NOWISEE | KO INU | RUKA",yes,ReducedPrevious,652
family,"NOWISEE | KO INU | RUKA",yes,ReducedPreviousTransition,319
family,"NOWISEE | KO INU | RUKA",yes,ReducedPrevNext,144
family,"ORGT | DESTINY | BAIO",no,ReducedHeld,120
family,"ORGT | DESTINY | BAIO",no,ReducedHeldPrevNext,11
family,"ORGT | DESTINY | BAIO",no,ReducedNext,127
family,"ORGT | DESTINY | BAIO",no,ReducedNextTransition,116
family,"ORGT | DESTINY | BAIO",no,ReducedPrevious,127
family,"ORGT | DESTINY | BAIO",no,ReducedPreviousTransition,135
family,"ORGT | DESTINY | BAIO",no,ReducedPrevNext,21
family,"ORGT | DESTINY | BAIO",yes,ReducedHeld,86
family,"ORGT | DESTINY | BAIO",yes,ReducedHeldPrevNext,82
family,"ORGT | DESTINY | BAIO",yes,ReducedNext,235
family,"ORGT | DESTINY | BAIO",yes,ReducedNextTransition,199
family,"ORGT | DESTINY | BAIO",yes,ReducedPrevious,236
family,"ORGT | DESTINY | BAIO",yes,ReducedPreviousTransition,209
family,"ORGT | DESTINY | BAIO",yes,ReducedPrevNext,87
family,"SAMFREE FT. SF-A2 MIKI | MIKIMIKI ROMANTIC NIGHT | NANANANA",no,ReducedHeld,35
family,"SAMFREE FT. SF-A2 MIKI | MIKIMIKI ROMANTIC NIGHT | NANANANA",no,ReducedHeldPrevNext,78
family,"SAMFREE FT. SF-A2 MIKI | MIKIMIKI ROMANTIC NIGHT | NANANANA",no,ReducedNext,461
family,"SAMFREE FT. SF-A2 MIKI | MIKIMIKI ROMANTIC NIGHT | NANANANA",no,ReducedNextTransition,571
family,"SAMFREE FT. SF-A2 MIKI | MIKIMIKI ROMANTIC NIGHT | NANANANA",no,ReducedPrevious,412
family,"SAMFREE FT. SF-A2 MIKI | MIKIMIKI ROMANTIC NIGHT | NANANANA",no,ReducedPreviousTransition,538
family,"SAMFREE FT. SF-A2 MIKI | MIKIMIKI ROMANTIC NIGHT | NANANANA",no,ReducedPrevNext,78
family,"SAMFREE FT. SF-A2 MIKI | MIKIMIKI ROMANTIC NIGHT | NANANANA",yes,ReducedHeld,60
family,"SAMFREE FT. SF-A2 MIKI | MIKIMIKI ROMANTIC NIGHT | NANANANA",yes,ReducedHeldPrevNext,203
family,"SAMFREE FT. SF-A2 MIKI | MIKIMIKI ROMANTIC NIGHT | NANANANA",yes,ReducedNext,898
family,"SAMFREE FT. SF-A2 MIKI | MIKIMIKI ROMANTIC NIGHT | NANANANA",yes,ReducedNextTransition,768
family,"SAMFREE FT. SF-A2 MIKI | MIKIMIKI ROMANTIC NIGHT | NANANANA",yes,ReducedPrevious,790
family,"SAMFREE FT. SF-A2 MIKI | MIKIMIKI ROMANTIC NIGHT | NANANANA",yes,ReducedPreviousTransition,720
family,"SAMFREE FT. SF-A2 MIKI | MIKIMIKI ROMANTIC NIGHT | NANANANA",yes,ReducedPrevNext,203
global,"GLOBAL",no,ReducedHeld,2210
global,"GLOBAL",no,ReducedHeldPrevNext,889
global,"GLOBAL",no,ReducedNext,3774
global,"GLOBAL",no,ReducedNextTransition,3490
global,"GLOBAL",no,ReducedPrevious,3850
global,"GLOBAL",no,ReducedPreviousTransition,3387
global,"GLOBAL",no,ReducedPrevNext,1109
global,"GLOBAL",yes,ReducedHeld,3503
global,"GLOBAL",yes,ReducedHeldPrevNext,5281
global,"GLOBAL",yes,ReducedNext,6661
global,"GLOBAL",yes,ReducedNextTransition,6148
global,"GLOBAL",yes,ReducedPrevious,6624
global,"GLOBAL",yes,ReducedPreviousTransition,6306
global,"GLOBAL",yes,ReducedPrevNext,5425
