proposal,source_kind,availability_now,circularity,ground_truth_relationship,mapper_derived_justified,intended_use,disposition
fixed_external_rhythm_vocabulary,ExternalConvention,available_as_declared_assumption,NonCircular,None,false,MethodDemonstration,research_condition_only
editor_snap_metadata,EditorMetadata,not_present_in_osu,Unknown,IndependentValidationPlanned,false,ValidationCandidate,unavailable_now
pre_serialization_editor_source,EditorMetadata,requires_external_source_pair,NonCircular,IndependentValidationPlanned,false,ValidationCandidate,conditional_acquisition_route
mapper_provided_annotation,MapperAnnotated,requires_author_participation,NonCircular,IndependentValidationPlanned,false,ValidationCandidate,conditional_acquisition_route
chart_derived_denominators,ChartDerived,computable_only_after_quantization,Circular,SameSourceAsDomain,false,ObservationOnly,rejected
exact_file_relations,FileDerived,available,NonCircular,None,false,ObservationOnly,observed_fact_not_latent_domain
programmatic_latent_domain,SyntheticGroundTruth,available,NonCircular,SameSourceAsDomain,false,SyntheticControl,logic_falsification_only
manual_finite_research_domain,ManualResearchDomain,available,NonCircular,None,false,MethodDemonstration,research_condition_only
unknown_domain,Unknown,unknown,Unknown,Unknown,false,ObservationOnly,not_promotable
